,volume,date,day_of_week,month,year,day_of_year,rolling_mean_week,rolling_median_week,rolling_sd_week,rolling_max_week,projected_volume,holiday,total_release,rolling_releases
0,141,2017-02-10,4,2,2017,41,,,,,149.0,0,1.0,3.0
1,307,2017-02-11,5,2,2017,42,,,,,193.0,0,2.0,2.0
2,208,2017-02-12,6,2,2017,43,,,,,171.0,0,0.0,1.0
3,144,2017-02-13,0,2,2017,44,,,,,166.0,0,0.0,3.0
4,139,2017-02-14,1,2,2017,45,187.8,144.0,72.64089757154711,307.0,203.0,0,0.0,3.0
5,149,2017-02-15,2,2,2017,46,189.4,149.0,71.43038569124487,307.0,179.0,0,0.0,5.0
6,193,2017-02-16,3,2,2017,47,166.6,149.0,31.59588580812382,208.0,162.0,0,1.0,5.0
7,171,2017-02-17,4,2,2017,48,159.2,149.0,22.498888861452695,193.0,129.0,0,2.0,4.0
8,166,2017-02-18,5,2,2017,49,163.6,166.0,20.875823337056676,193.0,179.0,0,0.0,2.0
9,203,2017-02-19,6,2,2017,50,176.4,171.0,21.628684657186163,203.0,233.0,0,2.0,2.0
10,179,2017-02-20,0,2,2017,51,182.4,179.0,15.388307249337082,203.0,220.0,1,0.0,1.0
11,162,2017-02-21,1,2,2017,52,176.2,171.0,16.269603560013383,203.0,226.0,0,0.0,3.0
12,129,2017-02-22,2,2,2017,53,167.8,166.0,26.95737375932605,203.0,196.0,0,0.0,3.0
13,179,2017-02-23,3,2,2017,54,170.4,179.0,27.364210202379322,203.0,116.0,0,0.0,3.0
14,233,2017-02-24,4,2,2017,55,176.4,179.0,37.653685078621464,233.0,153.0,0,1.0,3.0
15,220,2017-02-25,5,2,2017,56,184.6,179.0,42.512351146460965,233.0,121.0,0,2.0,4.0
16,226,2017-02-26,6,2,2017,57,197.4,220.0,43.62682660932377,233.0,124.0,0,0.0,2.0
17,196,2017-02-27,0,2,2017,58,210.8,220.0,22.576536492562376,233.0,126.0,0,0.0,2.0
18,116,2017-02-28,1,2,2017,59,198.2,220.0,48.01249837281956,233.0,127.0,0,0.0,2.0
19,153,2017-03-01,2,3,2017,60,182.2,196.0,46.83161325429652,226.0,129.0,0,2.0,3.0
20,121,2017-03-02,3,3,2017,61,162.4,153.0,47.773423574200784,226.0,102.0,0,0.0,1.0
21,124,2017-03-03,4,3,2017,62,142.0,124.0,33.45893004864326,196.0,110.0,0,0.0,1.0
22,126,2017-03-04,5,3,2017,63,128.0,124.0,14.474114826130231,153.0,108.0,0,0.0,1.0
23,127,2017-03-06,0,3,2017,65,130.2,126.0,12.949903474543852,153.0,102.0,0,1.0,2.0
24,129,2017-03-07,1,3,2017,66,125.4,126.0,3.0495901363958633,129.0,159.0,0,0.0,1.0
25,102,2017-03-08,2,3,2017,67,121.6,126.0,11.10405331399318,129.0,112.0,0,0.0,1.0
26,110,2017-03-10,4,3,2017,69,118.8,126.0,12.070625501605248,129.0,115.0,0,0.0,1.0
27,108,2017-03-11,5,3,2017,70,115.2,110.0,12.070625501605248,129.0,137.0,0,1.0,1.0
28,102,2017-03-15,2,3,2017,74,110.2,108.0,11.099549540409418,129.0,142.0,0,0.0,0.0
29,159,2017-03-20,0,3,2017,79,116.2,108.0,24.190907382733766,159.0,126.0,0,0.0,0.0
30,112,2017-03-22,2,3,2017,81,118.2,110.0,23.11276703469325,159.0,157.0,0,0.0,1.0
31,115,2017-03-23,3,3,2017,82,119.2,112.0,22.774986278810424,159.0,130.0,0,0.0,1.0
32,137,2017-03-24,4,3,2017,83,125.0,115.0,22.90196498119764,159.0,120.0,0,0.0,2.0
33,142,2017-03-25,5,3,2017,84,133.0,137.0,19.608671551127653,159.0,161.0,0,0.0,2.0
34,126,2017-03-26,6,3,2017,85,126.4,126.0,13.16434578701133,142.0,272.0,0,1.0,2.0
35,157,2017-03-27,0,3,2017,86,135.4,137.0,15.946786510140624,157.0,1001.0,0,0.0,2.0
36,130,2017-03-28,1,3,2017,87,138.4,137.0,12.095453691366975,157.0,401.0,0,1.0,5.0
37,120,2017-03-29,2,3,2017,88,135.0,130.0,14.696938456699169,157.0,318.0,0,0.0,4.0
38,161,2017-03-30,3,3,2017,89,138.8,130.0,18.833480825381244,161.0,259.0,0,0.0,4.0
39,272,2017-03-31,4,3,2017,90,168.0,157.0,60.69184459216908,272.0,307.0,0,1.0,4.0
40,1001,2017-04-01,5,4,2017,91,336.8,161.0,376.1764213769917,1001.0,410.0,0,3.0,3.0
41,401,2017-04-02,6,4,2017,92,391.0,272.0,358.0160610922365,1001.0,410.0,0,0.0,3.0
42,318,2017-04-03,0,4,2017,93,430.6,318.0,330.4350163042652,1001.0,338.0,0,0.0,3.0
43,259,2017-04-04,1,4,2017,94,450.2,318.0,312.88608150571355,1001.0,262.0,0,0.0,4.0
44,307,2017-04-05,2,4,2017,95,457.2,318.0,308.25995523259263,1001.0,263.0,0,0.0,4.0
45,410,2017-04-06,3,4,2017,96,339.0,318.0,64.71089552772403,410.0,238.0,0,3.0,4.0
46,410,2017-04-07,4,4,2017,97,340.8,318.0,66.9529685674953,410.0,231.0,0,0.0,1.0
47,338,2017-04-08,5,4,2017,98,344.8,338.0,65.83843862061138,410.0,186.0,0,1.0,1.0
48,262,2017-04-09,6,4,2017,99,345.4,338.0,64.86755737655005,410.0,248.0,0,0.0,0.0
49,263,2017-04-10,0,4,2017,100,336.6,338.0,73.75499983052006,410.0,212.0,0,0.0,0.0
50,238,2017-04-11,1,4,2017,101,302.2,263.0,71.02253163609434,410.0,341.0,0,0.0,2.0
51,231,2017-04-12,2,4,2017,102,266.4,262.0,42.47705262844905,338.0,298.0,0,0.0,3.0
52,186,2017-04-13,3,4,2017,103,236.0,238.0,31.36080356113404,263.0,206.0,0,0.0,3.0
53,248,2017-04-14,4,4,2017,104,233.2,238.0,28.99482712485174,263.0,197.0,0,0.0,3.0
54,212,2017-04-15,5,4,2017,105,223.0,231.0,24.51530134426335,248.0,201.0,0,2.0,3.0
55,341,2017-04-16,6,4,2017,106,243.6,231.0,59.1210622367362,341.0,209.0,0,1.0,1.0
56,298,2017-04-17,0,4,2017,107,257.0,248.0,63.015871016752854,341.0,181.0,0,0.0,1.0
57,206,2017-04-18,1,4,2017,108,261.0,248.0,57.80138406647398,341.0,208.0,0,0.0,1.0
58,197,2017-04-19,2,4,2017,109,250.8,212.0,64.75106176735663,341.0,156.0,0,0.0,1.0
59,201,2017-04-20,3,4,2017,110,248.6,206.0,66.56049879620821,341.0,166.0,0,0.0,2.0
60,209,2017-04-21,4,4,2017,111,222.2,206.0,42.62276387096501,298.0,466.0,0,1.0,2.0
61,181,2017-04-22,5,4,2017,112,198.8,201.0,10.963576058934661,209.0,230.0,0,0.0,1.0
62,208,2017-04-23,6,4,2017,113,199.2,201.0,11.322543883776527,209.0,214.0,0,0.0,1.0
63,156,2017-04-24,0,4,2017,114,191.0,201.0,22.57210668059246,209.0,196.0,0,1.0,1.0
64,166,2017-04-25,1,4,2017,115,184.0,181.0,24.072806234422448,209.0,182.0,0,0.0,2.0
65,466,2017-04-26,2,4,2017,116,235.4,181.0,130.39095060624427,466.0,198.0,0,0.0,2.0
66,230,2017-04-27,3,4,2017,117,245.2,208.0,127.07950267450701,466.0,422.0,0,0.0,2.0
67,214,2017-04-28,4,4,2017,118,246.4,214.0,126.66807016766315,466.0,358.0,0,0.0,2.0
68,196,2017-04-29,5,4,2017,119,254.4,214.0,120.65156443245994,466.0,219.0,0,2.0,2.0
69,182,2017-04-30,6,4,2017,120,257.6,214.0,117.90165393241959,466.0,285.0,0,0.0,0.0
70,198,2017-05-01,0,5,2017,121,204.0,198.0,18.439088914586957,230.0,185.0,0,0.0,0.0
71,422,2017-05-02,1,5,2017,122,242.4,198.0,101.03860648286889,422.0,158.0,0,0.0,1.0
72,358,2017-05-03,2,5,2017,123,271.2,198.0,110.95584707441077,422.0,217.0,0,0.0,1.0
73,219,2017-05-04,3,5,2017,124,275.8,219.0,107.48116113998782,422.0,158.0,0,0.0,1.0
74,285,2017-05-05,4,5,2017,125,296.4,285.0,94.0388217705859,422.0,146.0,0,0.0,1.0
75,185,2017-05-06,5,5,2017,126,293.8,285.0,97.55357502418875,422.0,242.0,0,1.0,2.0
76,158,2017-05-07,6,5,2017,127,241.0,219.0,80.83006866259635,358.0,223.0,0,0.0,2.0
77,217,2017-05-08,0,5,2017,128,212.8,217.0,47.55207671595476,285.0,194.0,0,0.0,3.0
78,158,2017-05-09,1,5,2017,129,200.6,185.0,53.06882323926216,285.0,157.0,0,0.0,4.0
79,146,2017-05-10,2,5,2017,130,172.8,158.0,28.542950092799806,217.0,195.0,0,1.0,5.0
80,242,2017-05-11,3,5,2017,131,184.2,158.0,42.569942447694906,242.0,176.0,0,1.0,4.0
81,223,2017-05-12,4,5,2017,132,197.2,217.0,42.49352891911958,242.0,202.0,0,1.0,3.0
82,194,2017-05-13,5,5,2017,133,192.6,194.0,41.03413213411554,242.0,256.0,0,1.0,3.0
83,157,2017-05-14,6,5,2017,134,192.4,194.0,41.246818059094615,242.0,437.0,0,1.0,4.0
84,195,2017-05-15,0,5,2017,135,202.2,195.0,32.321819255729565,242.0,348.0,0,0.0,4.0
85,176,2017-05-16,1,5,2017,136,189.0,194.0,24.545875417268288,223.0,298.0,0,0.0,8.0
86,202,2017-05-17,2,5,2017,137,184.8,194.0,18.267457403811225,202.0,356.0,0,1.0,8.0
87,256,2017-05-18,3,5,2017,138,197.2,195.0,37.251845591863656,256.0,306.0,0,2.0,7.0
88,437,2017-05-19,4,5,2017,139,253.2,202.0,106.9565332272883,437.0,284.0,0,1.0,5.0
89,348,2017-05-20,5,5,2017,140,283.8,256.0,108.02407139151909,437.0,444.0,0,4.0,4.0
90,298,2017-05-21,6,5,2017,141,308.2,298.0,89.83429189346349,437.0,331.0,0,0.0,0.0
91,356,2017-05-22,0,5,2017,142,339.0,348.0,68.08817812219671,437.0,315.0,0,0.0,0.0
92,306,2017-05-23,1,5,2017,143,349.0,348.0,55.32630477449206,437.0,253.0,0,0.0,1.0
93,284,2017-05-24,2,5,2017,144,318.4,306.0,31.793081008294816,356.0,347.0,0,0.0,1.0
94,444,2017-05-25,3,5,2017,145,337.6,306.0,65.38195469699563,444.0,312.0,0,0.0,1.0
95,331,2017-05-26,4,5,2017,146,344.2,331.0,61.9612782308434,444.0,375.0,0,0.0,1.0
96,315,2017-05-27,5,5,2017,147,336.0,315.0,62.71762112835588,444.0,443.0,0,1.0,1.0
97,253,2017-05-28,6,5,2017,148,325.4,315.0,72.73444850962986,444.0,545.0,0,0.0,5.0
98,347,2017-05-29,0,5,2017,149,338.0,331.0,69.13754406977436,444.0,325.0,1,0.0,6.0
99,312,2017-05-30,1,5,2017,150,311.6,315.0,35.620218977429154,347.0,481.0,0,0.0,6.0
100,375,2017-05-31,2,5,2017,151,320.4,315.0,45.63770371085732,375.0,450.0,0,0.0,6.0
101,443,2017-06-01,3,6,2017,152,346.0,347.0,70.80960386840184,443.0,457.0,0,5.0,6.0
102,545,2017-06-02,4,6,2017,153,404.4,375.0,92.1346840229018,545.0,517.0,0,1.0,1.0
103,325,2017-06-03,5,6,2017,154,400.0,375.0,96.00520819205569,545.0,586.0,0,0.0,0.0
104,481,2017-06-04,6,6,2017,155,433.8,443.0,86.56327165721001,545.0,621.0,0,0.0,2.0
105,450,2017-06-05,0,6,2017,156,448.8,450.0,80.082457504749,545.0,526.0,0,0.0,2.0
106,457,2017-06-06,1,6,2017,157,451.6,457.0,80.0737160371612,545.0,455.0,0,0.0,3.0
107,517,2017-06-07,2,6,2017,158,446.0,457.0,72.53275122315388,517.0,556.0,0,0.0,3.0
108,586,2017-06-08,3,6,2017,159,498.2,481.0,55.63002786265622,586.0,601.0,0,2.0,3.0
109,621,2017-06-09,4,6,2017,160,526.2,517.0,76.22794763077316,621.0,761.0,0,0.0,1.0
110,526,2017-06-10,5,6,2017,161,541.4,526.0,63.79890281188137,621.0,778.0,0,1.0,1.0
111,455,2017-06-11,6,6,2017,162,541.0,526.0,64.4631677781963,621.0,550.0,0,0.0,0.0
112,556,2017-06-12,0,6,2017,163,548.8,556.0,63.17990186760247,621.0,521.0,0,0.0,0.0
113,601,2017-06-13,1,6,2017,164,551.8,556.0,65.69398754832801,621.0,456.0,0,0.0,1.0
114,761,2017-06-14,2,6,2017,165,579.8,556.0,114.3665160787888,761.0,582.0,0,0.0,1.0
115,778,2017-06-15,3,6,2017,166,630.2,601.0,137.84665393109773,778.0,590.0,0,0.0,1.0
116,550,2017-06-16,4,6,2017,167,649.2,601.0,111.73495424440738,778.0,447.0,0,0.0,2.0
117,521,2017-06-17,5,6,2017,168,642.2,601.0,119.83613812201983,778.0,507.0,0,1.0,2.0
118,456,2017-06-18,6,6,2017,169,613.2,550.0,146.80837850749472,778.0,501.0,0,0.0,1.0
119,582,2017-06-19,0,6,2017,170,577.4,550.0,121.37874608019256,778.0,454.0,0,0.0,1.0
120,590,2017-06-20,1,6,2017,171,539.8,550.0,54.269696885093204,590.0,451.0,0,1.0,1.0
121,447,2017-06-21,2,6,2017,172,519.2,521.0,67.39213603974807,590.0,358.0,0,0.0,0.0
122,507,2017-06-22,3,6,2017,173,516.4,507.0,67.58920032076065,590.0,400.0,0,0.0,0.0
123,501,2017-06-23,4,6,2017,174,525.4,507.0,60.11904856199825,590.0,388.0,0,0.0,0.0
124,454,2017-06-24,5,6,2017,175,499.8,501.0,57.1725458590041,590.0,410.0,0,0.0,2.0
125,451,2017-06-25,6,6,2017,176,472.0,454.0,29.393876913397218,507.0,397.0,0,0.0,2.0
126,358,2017-06-26,0,6,2017,177,454.2,454.0,59.67160128570339,507.0,251.0,0,0.0,3.0
127,400,2017-06-27,1,6,2017,178,432.8,451.0,55.00636326826172,501.0,267.0,0,0.0,4.0
128,388,2017-06-28,2,6,2017,179,410.2,400.0,41.54756310543361,454.0,378.0,0,2.0,4.0
129,410,2017-06-29,3,6,2017,180,401.4,400.0,33.908700948281606,451.0,252.0,0,0.0,2.0
130,397,2017-06-30,4,6,2017,181,390.6,397.0,19.84439467456746,410.0,369.0,0,1.0,2.0
131,251,2017-07-01,5,7,2017,182,369.2,397.0,66.5409648261882,410.0,403.0,0,1.0,1.0
132,267,2017-07-02,6,7,2017,183,342.6,388.0,76.92398845613788,410.0,346.0,0,0.0,0.0
133,378,2017-07-03,0,7,2017,184,340.6,378.0,75.56652698119741,410.0,401.0,0,0.0,0.0
134,252,2017-07-04,1,7,2017,185,309.0,267.0,72.2530276182255,397.0,258.0,1,0.0,1.0
135,369,2017-07-05,2,7,2017,186,303.4,267.0,64.38400422465243,378.0,445.0,0,0.0,1.0
136,403,2017-07-06,3,7,2017,187,333.8,369.0,69.16429714816776,403.0,598.0,0,0.0,1.0
137,346,2017-07-07,4,7,2017,188,349.6,369.0,58.252038590937225,403.0,363.0,0,0.0,1.0
138,401,2017-07-08,5,7,2017,189,354.2,369.0,61.85224328995705,403.0,358.0,0,1.0,1.0
139,258,2017-07-09,6,7,2017,190,355.4,369.0,59.38265740096208,403.0,384.0,0,0.0,2.0
140,445,2017-07-10,0,7,2017,191,370.6,401.0,72.09923716656114,445.0,383.0,0,0.0,2.0
141,598,2017-07-11,1,7,2017,192,409.6,401.0,126.34199618495828,598.0,320.0,0,0.0,2.0
142,363,2017-07-12,2,7,2017,193,413.0,401.0,124.4166387586484,598.0,374.0,0,0.0,2.0
143,358,2017-07-13,3,7,2017,194,404.4,363.0,126.9145381743164,598.0,564.0,0,2.0,2.0
144,384,2017-07-14,4,7,2017,195,429.6,384.0,100.29606173723874,598.0,350.0,0,0.0,0.0
145,383,2017-07-15,5,7,2017,196,417.2,383.0,101.7383900010218,598.0,383.0,0,0.0,1.0
146,320,2017-07-16,6,7,2017,197,361.6,363.0,26.005768590834528,384.0,442.0,0,0.0,1.0
147,374,2017-07-17,0,7,2017,198,363.8,374.0,26.61202735606656,384.0,344.0,0,0.0,1.0
148,564,2017-07-18,1,7,2017,199,405.0,383.0,92.72540105062916,564.0,335.0,0,0.0,1.0
149,350,2017-07-19,2,7,2017,200,398.2,374.0,95.8446659966011,564.0,329.0,0,1.0,1.0
150,383,2017-07-20,3,7,2017,201,398.2,374.0,95.8446659966011,564.0,697.0,0,0.0,0.0
151,442,2017-07-21,4,7,2017,202,422.6,383.0,85.98139333600041,564.0,410.0,0,0.0,0.0
152,344,2017-07-22,5,7,2017,203,416.6,383.0,91.11421403930353,564.0,620.0,0,0.0,1.0
153,335,2017-07-23,6,7,2017,204,370.8,350.0,43.73442579936346,442.0,406.0,0,0.0,1.0
154,329,2017-07-24,0,7,2017,205,366.6,344.0,47.10944703560029,442.0,438.0,0,0.0,2.0
155,697,2017-07-25,1,7,2017,206,429.4,344.0,156.5672379522613,697.0,404.0,0,0.0,4.0
156,410,2017-07-26,2,7,2017,207,423.0,344.0,156.57745687039375,697.0,484.0,0,1.0,4.0
157,620,2017-07-27,3,7,2017,208,478.2,410.0,169.85199439512039,697.0,490.0,0,0.0,3.0
158,406,2017-07-28,4,7,2017,209,492.4,410.0,157.39853874798203,697.0,484.0,0,1.0,8.0
159,438,2017-07-29,5,7,2017,210,514.2,438.0,135.0747940957157,697.0,441.0,0,2.0,7.0
160,404,2017-07-30,6,7,2017,211,455.6,410.0,92.92362455263999,620.0,501.0,0,0.0,5.0
161,484,2017-07-31,0,7,2017,212,470.4,438.0,89.68165921747878,620.0,428.0,0,0.0,5.0
162,490,2017-08-01,1,8,2017,213,444.4,438.0,41.21650154974337,490.0,418.0,0,5.0,5.0
163,484,2017-08-02,2,8,2017,214,460.0,484.0,37.65634076752543,490.0,602.0,0,0.0,0.0
164,441,2017-08-03,3,8,2017,215,460.6,484.0,37.23976369420189,490.0,510.0,0,0.0,0.0
165,501,2017-08-04,4,8,2017,216,480.0,484.0,22.88012237729495,501.0,794.0,0,0.0,0.0
166,428,2017-08-05,5,8,2017,217,468.8,484.0,32.228869046244796,501.0,488.0,0,0.0,0.0
167,418,2017-08-06,6,8,2017,218,454.4,441.0,36.22568149807535,501.0,868.0,0,0.0,0.0
168,602,2017-08-07,0,8,2017,219,478.0,441.0,76.44278906476394,602.0,591.0,0,0.0,3.0
169,510,2017-08-08,1,8,2017,220,491.8,501.0,74.29131846992615,602.0,442.0,0,0.0,3.0
170,794,2017-08-09,2,8,2017,221,550.4,510.0,155.0380598433816,794.0,543.0,0,0.0,3.0
171,488,2017-08-10,3,8,2017,222,562.4,510.0,145.20606047958182,794.0,609.0,0,0.0,3.0
172,868,2017-08-11,4,8,2017,223,652.4,602.0,170.57197894144264,868.0,544.0,0,3.0,3.0
173,591,2017-08-12,5,8,2017,224,650.2,591.0,171.453200611712,868.0,544.0,0,0.0,0.0
174,442,2017-08-13,6,8,2017,225,636.6,591.0,187.31737773095148,868.0,623.0,0,0.0,0.0
175,543,2017-08-14,0,8,2017,226,586.4,543.0,167.13557371188202,868.0,472.0,0,0.0,3.0
176,609,2017-08-15,1,8,2017,227,610.6,591.0,157.82680380721126,868.0,415.0,0,0.0,6.0
177,544,2017-08-16,2,8,2017,228,545.8,544.0,64.85136852835068,609.0,472.0,0,0.0,6.0
178,544,2017-08-17,3,8,2017,229,536.4,544.0,59.87737469194818,609.0,569.0,0,0.0,6.0
179,623,2017-08-18,4,8,2017,230,572.6,544.0,39.92868642968295,623.0,516.0,0,3.0,6.0
180,472,2017-08-19,5,8,2017,231,558.4,544.0,60.44253469205237,623.0,1000.0,0,3.0,3.0
181,415,2017-08-20,6,8,2017,232,519.6,544.0,79.19785350626596,623.0,648.0,0,0.0,2.0
182,472,2017-08-21,0,8,2017,233,505.2,472.0,80.19164545013383,623.0,425.0,0,0.0,2.0
183,569,2017-08-22,1,8,2017,234,510.2,472.0,83.90887914875259,623.0,388.0,0,0.0,2.0
184,516,2017-08-23,2,8,2017,235,488.8,472.0,57.40818756937008,569.0,546.0,0,0.0,2.0
185,1000,2017-08-24,3,8,2017,236,594.4,516.0,233.70344456169218,1000.0,486.0,0,2.0,2.0
186,648,2017-08-25,4,8,2017,237,641.0,569.0,211.12792330717392,1000.0,485.0,0,0.0,0.0
187,425,2017-08-26,5,8,2017,238,631.6,569.0,221.33300702787173,1000.0,508.0,0,0.0,2.0
188,388,2017-08-27,6,8,2017,239,595.4,516.0,247.3980598145425,1000.0,593.0,0,0.0,5.0
189,546,2017-08-28,0,8,2017,240,601.4,546.0,245.34628588996398,1000.0,381.0,0,0.0,5.0
190,486,2017-08-29,1,8,2017,241,498.6,486.0,102.92618714399163,648.0,379.0,0,0.0,5.0
191,485,2017-08-30,2,8,2017,242,466.0,485.0,61.086004943849474,546.0,385.0,0,2.0,5.0
192,508,2017-08-31,3,8,2017,243,482.6,486.0,58.37636508039872,546.0,467.0,0,3.0,3.0
193,593,2017-09-01,4,9,2017,244,523.6,508.0,46.00326075399413,593.0,448.0,0,0.0,0.0
194,381,2017-09-02,5,9,2017,245,490.6,486.0,75.5863744334916,593.0,401.0,0,0.0,0.0
195,379,2017-09-03,6,9,2017,246,469.2,485.0,90.82510666109894,593.0,439.0,0,0.0,0.0
196,385,2017-09-04,0,9,2017,247,449.2,385.0,97.2584186587465,593.0,493.0,1,0.0,1.0
197,467,2017-09-05,1,9,2017,248,441.0,385.0,92.68225288586814,593.0,406.0,0,0.0,8.0
198,448,2017-09-06,2,9,2017,249,412.0,385.0,42.1307488658821,467.0,446.0,0,0.0,8.0
199,401,2017-09-07,3,9,2017,250,416.0,401.0,39.30648801406739,467.0,407.0,0,0.0,8.0
200,439,2017-09-08,4,9,2017,251,428.0,439.0,33.98529093593312,467.0,374.0,0,1.0,8.0
201,493,2017-09-09,5,9,2017,252,449.6,448.0,34.14381349527332,493.0,399.0,0,7.0,7.0
202,406,2017-09-10,6,9,2017,253,437.4,439.0,37.13892836364579,493.0,384.0,0,0.0,0.0
203,446,2017-09-11,0,9,2017,254,437.0,439.0,37.00675613992686,493.0,352.0,0,0.0,3.0
204,407,2017-09-12,1,9,2017,255,438.2,439.0,35.61881525261633,493.0,351.0,0,0.0,6.0
205,374,2017-09-13,2,9,2017,256,425.2,407.0,45.69135585644203,493.0,385.0,0,0.0,6.0
206,399,2017-09-14,3,9,2017,257,406.4,406.0,25.851498989420865,446.0,454.0,0,0.0,9.0
207,384,2017-09-15,4,9,2017,258,402.0,399.0,27.73986301336093,446.0,448.0,0,3.0,9.0
208,352,2017-09-16,5,9,2017,259,383.2,384.0,21.649480363279867,407.0,620.0,0,3.0,6.0
209,351,2017-09-17,6,9,2017,260,372.0,374.0,20.72438177606384,399.0,511.0,0,0.0,9.0
210,385,2017-09-18,0,9,2017,261,374.2,384.0,21.556901447101474,399.0,468.0,0,3.0,9.0
211,454,2017-09-19,1,9,2017,262,385.2,384.0,41.85331528087159,454.0,437.0,0,0.0,7.0
212,448,2017-09-20,2,9,2017,263,398.0,385.0,50.32395056034485,454.0,486.0,0,0.0,7.0
213,620,2017-09-21,3,9,2017,264,451.6,448.0,103.60164091364578,620.0,586.0,0,6.0,7.0
214,511,2017-09-22,4,9,2017,265,483.6,454.0,88.34760890935296,620.0,441.0,0,0.0,2.0
215,468,2017-09-23,5,9,2017,266,500.2,468.0,71.35264536091125,620.0,440.0,0,1.0,2.0
216,437,2017-09-24,6,9,2017,267,496.8,468.0,74.44259533358554,620.0,805.0,0,0.0,1.0
217,486,2017-09-25,0,9,2017,268,504.4,486.0,70.02356746124812,620.0,602.0,0,0.0,2.0
218,586,2017-09-26,1,9,2017,269,497.6,486.0,56.296536305531035,586.0,497.0,0,1.0,4.0
219,441,2017-09-27,2,9,2017,270,483.6,468.0,60.66547617879533,586.0,523.0,0,0.0,6.0
220,440,2017-09-28,3,9,2017,271,478.0,441.0,63.68280772704661,586.0,571.0,0,0.0,6.0
221,805,2017-09-29,4,9,2017,272,551.6,486.0,153.61087201106548,805.0,678.0,0,1.0,6.0
222,602,2017-09-30,5,9,2017,273,574.8,586.0,149.9423222442547,805.0,507.0,0,2.0,5.0
223,497,2017-10-01,6,10,2017,274,557.0,497.0,153.5203569563331,805.0,627.0,0,3.0,4.0
224,523,2017-10-02,0,10,2017,275,573.4,523.0,141.97640649065576,805.0,420.0,0,0.0,4.0
225,571,2017-10-03,1,10,2017,276,599.6,571.0,121.86796133520859,805.0,390.0,0,0.0,6.0
226,678,2017-10-04,2,10,2017,277,574.2,571.0,70.95561993246143,678.0,341.0,0,0.0,6.0
227,507,2017-10-05,3,10,2017,278,555.2,523.0,74.29131846992578,678.0,386.0,0,1.0,7.0
228,627,2017-10-06,4,10,2017,279,581.2,571.0,71.52761704404749,678.0,327.0,0,3.0,6.0
229,420,2017-10-07,5,10,2017,280,560.6,571.0,101.16965948346338,678.0,316.0,0,2.0,3.0
230,390,2017-10-08,6,10,2017,281,524.4,507.0,125.8820876852619,678.0,810.0,0,0.0,4.0
231,341,2017-10-09,0,10,2017,282,457.0,420.0,112.59884546477386,627.0,467.0,1,1.0,6.0
232,386,2017-10-10,1,10,2017,283,432.8,390.0,112.16817730533043,627.0,354.0,0,0.0,8.0
233,327,2017-10-11,2,10,2017,284,372.8,386.0,38.10118108405697,420.0,388.0,0,0.0,8.0
234,316,2017-10-12,3,10,2017,285,352.0,341.0,34.0661121937934,390.0,361.0,0,3.0,8.0
235,810,2017-10-13,4,10,2017,286,436.0,341.0,210.76171379071684,810.0,357.0,0,2.0,5.0
236,467,2017-10-14,5,10,2017,287,461.2,386.0,203.9870093903041,810.0,451.0,0,3.0,3.0
237,354,2017-10-15,6,10,2017,288,454.8,354.0,207.4094983360213,810.0,429.0,0,0.0,1.0
238,388,2017-10-16,0,10,2017,289,467.0,388.0,199.662214752817,810.0,306.0,0,0.0,1.0
239,361,2017-10-17,1,10,2017,290,476.0,388.0,192.02213414083286,810.0,338.0,0,0.0,1.0
240,357,2017-10-18,2,10,2017,291,385.4,361.0,47.574152646159554,467.0,384.0,0,0.0,1.0
241,451,2017-10-19,3,10,2017,292,382.2,361.0,40.76395466585759,451.0,386.0,0,1.0,2.0
242,429,2017-10-20,4,10,2017,293,397.2,388.0,41.583650633392935,451.0,363.0,0,0.0,1.0
243,306,2017-10-21,5,10,2017,294,380.8,361.0,58.74691481261032,451.0,385.0,0,0.0,1.0
244,338,2017-10-22,6,10,2017,295,376.2,357.0,61.519915474585126,451.0,382.0,0,0.0,1.0
245,384,2017-10-23,0,10,2017,296,381.6,384.0,60.591253494213944,451.0,376.0,0,1.0,2.0
246,386,2017-10-24,1,10,2017,297,368.6,384.0,47.547870614782575,429.0,335.0,0,0.0,2.0
247,363,2017-10-25,2,10,2017,298,355.4,363.0,33.746110887035776,386.0,377.0,0,0.0,2.0
248,385,2017-10-26,3,10,2017,299,371.2,384.0,20.873428084531355,386.0,560.0,0,0.0,2.0
249,382,2017-10-27,4,10,2017,300,380.0,384.0,9.617692030840626,386.0,385.0,0,1.0,2.0
250,376,2017-10-28,5,10,2017,301,378.4,382.0,9.449867723947078,386.0,334.0,0,1.0,8.0
251,335,2017-10-29,6,10,2017,302,368.2,376.0,20.388722372922363,385.0,418.0,0,0.0,10.0
252,377,2017-10-30,0,10,2017,303,371.0,377.0,20.457272545481292,385.0,339.0,0,0.0,12.0
253,560,2017-10-31,1,10,2017,304,406.0,377.0,88.13909461754228,560.0,317.0,0,0.0,17.0
254,385,2017-11-01,2,11,2017,305,406.6,377.0,87.9448690942233,560.0,383.0,0,7.0,19.0
255,334,2017-11-02,3,11,2017,306,398.2,377.0,93.432863597345,560.0,433.0,0,3.0,12.0
256,418,2017-11-03,4,11,2017,307,414.8,385.0,86.51416069060639,560.0,538.0,0,2.0,9.0
257,339,2017-11-04,5,11,2017,308,407.2,385.0,92.1504205090789,560.0,704.0,0,5.0,7.0
258,317,2017-11-05,6,11,2017,309,358.6,339.0,41.66893327168472,418.0,704.0,0,2.0,2.0
259,383,2017-11-06,0,11,2017,310,358.2,339.0,41.36060927984638,418.0,1570.0,0,0.0,0.0
260,433,2017-11-07,1,11,2017,311,378.0,383.0,49.729267036626396,433.0,976.0,0,0.0,13.0
261,538,2017-11-08,2,11,2017,312,402.0,383.0,88.05112151472048,538.0,852.0,0,0.0,13.0
262,704,2017-11-09,3,11,2017,313,475.0,433.0,151.32911154169906,704.0,926.0,0,0.0,13.0
263,704,2017-11-10,4,11,2017,314,552.4,538.0,149.2692198679953,704.0,1081.0,1,0.0,13.0
264,1570,2017-11-11,5,11,2017,315,789.8,704.0,451.1498642358209,1570.0,1025.0,0,13.0,14.0
265,976,2017-11-12,6,11,2017,316,898.4,704.0,406.9825549086835,1570.0,914.0,0,0.0,1.0
266,852,2017-11-13,0,11,2017,317,961.2,852.0,358.84704262401203,1570.0,914.0,0,0.0,6.0
267,926,2017-11-14,1,11,2017,318,1005.6,926.0,331.78125323773116,1570.0,873.0,0,0.0,11.0
268,1081,2017-11-15,2,11,2017,319,1081.0,976.0,285.7498906386482,1570.0,1185.0,0,1.0,11.0
269,1025,2017-11-16,3,11,2017,320,972.0,976.0,88.34874079464585,1081.0,993.0,0,0.0,10.0
270,914,2017-11-17,4,11,2017,321,959.6,926.0,91.92551332464525,1081.0,972.0,0,5.0,10.0
271,914,2017-11-18,5,11,2017,322,972.0,926.0,76.70397642886263,1081.0,826.0,0,5.0,8.0
272,873,2017-11-19,6,11,2017,323,961.4,914.0,87.54598791492117,1081.0,1656.0,0,0.0,3.0
273,1185,2017-11-20,0,11,2017,324,982.2,914.0,126.675569862541,1185.0,1337.0,0,0.0,7.0
274,993,2017-11-21,1,11,2017,325,975.8,914.0,124.76658206426715,1185.0,866.0,0,0.0,9.0
275,972,2017-11-22,2,11,2017,326,987.4,972.0,120.19692175758703,1185.0,2271.0,0,3.0,9.0
276,826,2017-11-23,3,11,2017,327,969.8,972.0,138.65677048020237,1185.0,2069.0,1,0.0,9.0
277,1656,2017-11-24,4,11,2017,328,1126.4,993.0,322.4070408660446,1656.0,2147.0,0,4.0,10.0
278,1337,2017-11-25,5,11,2017,329,1156.8,993.0,336.1855142625859,1656.0,3191.0,0,2.0,7.0
279,866,2017-11-26,6,11,2017,330,1131.4,972.0,355.8761020355249,1656.0,2365.0,0,0.0,14.0
280,2271,2017-11-27,0,11,2017,331,1391.2,1337.0,600.4978767656045,2271.0,1796.0,0,3.0,19.0
281,2069,2017-11-28,1,11,2017,332,1639.8,1656.0,564.2124599829384,2271.0,1626.0,0,1.0,18.0
282,2147,2017-11-29,2,11,2017,333,1738.0,2069.0,608.7109330380052,2271.0,1839.0,0,1.0,18.0
283,3191,2017-11-30,3,11,2017,334,2108.8,2147.0,828.4112505271754,3191.0,1909.0,0,9.0,17.0
284,2365,2017-12-01,4,12,2017,335,2408.6,2271.0,451.87033538394456,3191.0,1756.0,0,5.0,8.0
285,1796,2017-12-02,5,12,2017,336,2313.6,2147.0,531.0290010912762,3191.0,1784.0,0,2.0,3.0
286,1626,2017-12-03,6,12,2017,337,2225.0,2147.0,612.7156763132463,3191.0,1928.0,0,1.0,5.0
287,1839,2017-12-04,0,12,2017,338,2163.4,1839.0,637.4992549015244,3191.0,2491.0,0,0.0,6.0
288,1909,2017-12-05,1,12,2017,339,1907.0,1839.0,276.43896252156503,2365.0,1693.0,0,0.0,9.0
289,1756,2017-12-06,2,12,2017,340,1785.2,1796.0,105.51634944405231,1909.0,1892.0,0,0.0,9.0
290,1784,2017-12-07,3,12,2017,341,1782.8,1784.0,105.34562164608151,1909.0,1886.0,0,4.0,9.0
291,1928,2017-12-08,4,12,2017,342,1843.2,1839.0,75.24426888474167,1928.0,1796.0,0,2.0,5.0
292,2491,2017-12-09,5,12,2017,343,1973.6,1909.0,298.85330849766274,2491.0,1967.0,0,3.0,3.0
293,1693,2017-12-10,6,12,2017,344,1930.4,1784.0,324.9943076424559,2491.0,2125.0,0,0.0,1.0
294,1892,2017-12-11,0,12,2017,345,1957.6,1892.0,312.18792417388477,2491.0,3327.0,0,0.0,4.0
295,1886,2017-12-12,1,12,2017,346,1978.0,1892.0,301.1453137606481,2491.0,2237.0,0,0.0,11.0
296,1796,2017-12-13,2,12,2017,347,1951.6,1886.0,312.2071427754324,2491.0,2061.0,0,0.0,11.0
297,1967,2017-12-14,3,12,2017,348,1846.8,1886.0,105.19363098590814,1967.0,1866.0,0,1.0,11.0
298,2125,2017-12-15,4,12,2017,349,1933.2,1892.0,123.1653360325025,2125.0,1906.0,0,3.0,10.0
299,3327,2017-12-16,5,12,2017,350,2220.2,1967.0,630.4392912882245,3327.0,1753.0,0,7.0,8.0
300,2237,2017-12-17,6,12,2017,351,2290.4,2125.0,602.8613439257808,3327.0,1835.0,0,0.0,1.0
301,2061,2017-12-18,0,12,2017,352,2343.4,2125.0,558.5506243842168,3327.0,1553.0,0,0.0,3.0
302,1866,2017-12-19,1,12,2017,353,2323.2,2125.0,577.0850890466661,3327.0,1057.0,0,0.0,3.0
303,1906,2017-12-20,2,12,2017,354,2279.4,2061.0,603.5911695841802,3327.0,1248.0,0,1.0,3.0
304,1753,2017-12-21,3,12,2017,355,1964.6,1906.0,188.0327099203731,2237.0,1632.0,0,0.0,2.0
305,1835,2017-12-22,4,12,2017,356,1884.2,1866.0,113.68685060287017,2061.0,1822.0,0,2.0,7.0
306,1553,2017-12-23,5,12,2017,357,1782.6,1835.0,140.1081724953952,1906.0,1803.0,0,0.0,5.0
307,1057,2017-12-24,6,12,2017,358,1620.8,1753.0,341.74727504400045,1906.0,1835.0,0,0.0,5.0
308,1248,2017-12-25,0,12,2017,359,1489.2,1553.0,330.98821731294294,1835.0,1756.0,1,0.0,6.0
309,1632,2017-12-26,1,12,2017,360,1465.0,1553.0,310.6790948873129,1835.0,1227.0,0,5.0,7.0
310,1822,2017-12-27,2,12,2017,361,1462.4,1553.0,306.83920870710114,1822.0,1176.0,0,0.0,2.0
311,1803,2017-12-28,3,12,2017,362,1512.4,1632.0,343.47532662478085,1822.0,1426.0,0,0.0,8.0
312,1835,2017-12-29,4,12,2017,363,1668.0,1803.0,248.75992442513646,1835.0,1485.0,0,1.0,8.0
313,1756,2017-12-30,5,12,2017,364,1769.6,1803.0,82.54877346150832,1835.0,1435.0,0,1.0,7.0
314,1227,2017-12-31,6,12,2017,365,1688.6,1803.0,259.7754799822331,1835.0,1323.0,0,0.0,8.0
315,1176,2018-01-01,0,1,2018,1,1559.4,1756.0,328.41787405681777,1835.0,1191.0,1,6.0,9.0
316,1426,2018-01-02,1,1,2018,2,1484.0,1426.0,300.6085494459529,1835.0,1058.0,0,0.0,3.0
317,1485,2018-01-03,2,1,2018,3,1414.0,1426.0,231.17201387711268,1756.0,1201.0,0,0.0,3.0
318,1435,2018-01-04,3,1,2018,4,1349.8,1426.0,138.41134346577246,1485.0,1144.0,0,2.0,3.0
319,1323,2018-01-05,4,1,2018,5,1369.0,1426.0,122.90850255372904,1485.0,1192.0,0,1.0,1.0
320,1191,2018-01-06,5,1,2018,6,1372.0,1426.0,117.06408501329524,1485.0,1272.0,0,0.0,1.0
321,1058,2018-01-07,6,1,2018,7,1298.4,1323.0,175.6496512948434,1485.0,1373.0,0,0.0,2.0
322,1201,2018-01-08,0,1,2018,8,1241.6,1201.0,143.13210681045732,1435.0,1043.0,0,0.0,3.0
323,1144,2018-01-09,1,1,2018,9,1183.4,1191.0,96.34988323812458,1323.0,968.0,0,0.0,5.0
324,1192,2018-01-10,2,1,2018,10,1157.2,1191.0,59.763701357933606,1201.0,1128.0,0,1.0,5.0
325,1272,2018-01-11,3,1,2018,11,1173.4,1192.0,79.07464827617163,1272.0,1126.0,0,1.0,4.0
326,1373,2018-01-12,4,1,2018,12,1236.4,1201.0,89.00730307115347,1373.0,1312.0,0,1.0,3.0
327,1043,2018-01-13,5,1,2018,13,1204.8,1192.0,125.34632024914097,1373.0,1207.0,0,2.0,4.0
328,968,2018-01-14,6,1,2018,14,1169.6,1192.0,165.09784977400605,1373.0,1305.0,0,0.0,2.0
329,1128,2018-01-15,0,1,2018,15,1156.8,1128.0,165.40767817728502,1373.0,1003.0,1,0.0,3.0
330,1126,2018-01-16,1,1,2018,16,1127.6,1126.0,152.3591152507796,1373.0,819.0,0,0.0,4.0
331,1312,2018-01-17,2,1,2018,17,1115.4,1126.0,128.3464062605586,1312.0,1080.0,0,2.0,4.0
332,1207,2018-01-18,3,1,2018,18,1148.2,1128.0,126.15545965197192,1312.0,921.0,0,0.0,2.0
333,1305,2018-01-19,4,1,2018,19,1215.6,1207.0,90.91369533794249,1312.0,895.0,0,1.0,2.0
334,1003,2018-01-20,5,1,2018,20,1190.6,1207.0,129.86646988349324,1312.0,982.0,0,1.0,1.0
335,819,2018-01-21,6,1,2018,21,1129.2,1207.0,213.61460624217705,1312.0,991.0,0,0.0,1.0
336,1080,2018-01-22,0,1,2018,22,1082.8,1080.0,187.59317684820098,1305.0,1015.0,0,0.0,1.0
337,921,2018-01-23,1,1,2018,23,1025.6,1003.0,183.820020672397,1305.0,731.0,0,0.0,1.0
338,895,2018-01-24,2,1,2018,24,943.6,921.0,100.6618100373748,1080.0,892.0,0,0.0,1.0
339,982,2018-01-25,3,1,2018,25,939.4,921.0,97.9658103625981,1080.0,897.0,0,1.0,1.0
340,991,2018-01-26,4,1,2018,26,973.8,982.0,71.83105178124919,1080.0,886.0,0,0.0,0.0
341,1015,2018-01-27,5,1,2018,27,960.8,982.0,50.529199479118155,1015.0,938.0,0,0.0,1.0
342,731,2018-01-28,6,1,2018,28,922.8,982.0,116.42250641521402,1015.0,954.0,0,0.0,6.0
343,892,2018-01-29,0,1,2018,29,922.2,982.0,116.609176311303,1015.0,908.0,0,0.0,6.0
344,897,2018-01-30,1,1,2018,30,905.2,897.0,111.80876530934668,1015.0,799.0,0,0.0,7.0
345,886,2018-01-31,2,1,2018,31,884.2,892.0,101.00346528709093,1015.0,859.0,0,1.0,7.0
346,938,2018-02-01,3,2,2018,32,868.8,892.0,79.69755328741653,938.0,907.0,0,5.0,6.0
347,954,2018-02-02,4,2,2018,33,913.4,897.0,30.54177467012282,954.0,898.0,0,0.0,2.0
348,908,2018-02-03,5,2,2018,34,916.6,908.0,28.509647489938434,954.0,918.0,0,1.0,2.0
349,799,2018-02-04,6,2,2018,35,897.0,908.0,60.77828559609568,954.0,922.0,0,0.0,1.0
350,859,2018-02-05,0,2,2018,36,891.6,908.0,63.15298884455569,954.0,734.0,0,0.0,1.0
351,907,2018-02-06,1,2,2018,37,885.4,907.0,58.83281397316111,954.0,658.0,0,1.0,2.0
352,898,2018-02-07,2,2,2018,38,874.2,898.0,46.558565269997224,908.0,864.0,0,0.0,1.0
353,918,2018-02-08,3,2,2018,39,876.2,898.0,48.54585461190883,918.0,830.0,0,0.0,1.0
354,922,2018-02-09,4,2,2018,40,900.8,907.0,25.193253065068177,922.0,812.0,0,0.0,1.0
355,734,2018-02-10,5,2,2018,41,875.8,907.0,79.82606090745422,922.0,977.0,0,1.0,2.0
356,658,2018-02-11,6,2,2018,42,826.0,898.0,122.01639234135975,922.0,2192.0,0,0.0,2.0
357,864,2018-02-12,0,2,2018,43,819.2,864.0,117.87790293350422,922.0,1331.0,0,0.0,3.0
358,830,2018-02-13,1,2,2018,44,801.6,830.0,105.34134990591613,922.0,900.0,0,0.0,3.0
359,812,2018-02-14,2,2,2018,45,779.6,812.0,83.03493240799729,864.0,1051.0,0,1.0,3.0
360,977,2018-02-15,3,2,2018,46,828.2,830.0,114.73534764840622,977.0,1151.0,0,1.0,2.0
361,2192,2018-02-16,4,2,2018,47,1135.0,864.0,594.3500651972711,2192.0,1357.0,0,1.0,1.0
362,1331,2018-02-17,5,2,2018,48,1228.4,977.0,577.5736316695909,2192.0,1397.0,0,0.0,0.0
363,900,2018-02-18,6,2,2018,49,1242.4,977.0,566.2396135912784,2192.0,1464.0,0,0.0,0.0
364,1051,2018-02-19,0,2,2018,50,1290.2,1051.0,529.7345561694085,2192.0,1300.0,1,0.0,1.0
365,1151,2018-02-20,1,2,2018,51,1325.0,1151.0,509.3382962236397,2192.0,1130.0,0,0.0,3.0
366,1357,2018-02-21,2,2,2018,52,1158.0,1151.0,192.08852126038215,1357.0,1159.0,0,0.0,3.0
367,1397,2018-02-22,3,2,2018,53,1171.2,1151.0,208.5142680969345,1397.0,1136.0,0,0.0,3.0
368,1464,2018-02-23,4,2,2018,54,1284.0,1357.0,174.9828563031251,1464.0,1175.0,0,1.0,4.0
369,1300,2018-02-24,5,2,2018,55,1333.8,1357.0,118.36680277848211,1464.0,1158.0,0,2.0,3.0
370,1130,2018-02-25,6,2,2018,56,1329.6,1357.0,126.56342283614205,1464.0,1175.0,0,0.0,1.0
371,1159,2018-02-26,0,2,2018,57,1290.0,1300.0,145.41836197674667,1464.0,1004.0,0,0.0,1.0
372,1136,2018-02-27,1,2,2018,58,1237.8,1159.0,144.2470103676335,1464.0,913.0,0,1.0,2.0
373,1175,2018-02-28,2,2,2018,59,1180.0,1159.0,69.4658189327688,1300.0,1017.0,0,0.0,1.0
374,1158,2018-03-01,3,3,2018,60,1151.6,1158.0,18.39293342564602,1175.0,1316.0,0,0.0,1.0
375,1175,2018-03-02,4,3,2018,61,1160.6,1159.0,16.04057355583766,1175.0,1216.0,0,0.0,1.0
376,1004,2018-03-03,5,3,2018,62,1129.6,1158.0,72.01597045100668,1175.0,1049.0,0,1.0,1.0
377,913,2018-03-04,6,3,2018,63,1085.0,1158.0,120.07705859155739,1175.0,1175.0,0,0.0,2.0
378,1017,2018-03-05,0,3,2018,64,1053.4,1017.0,110.91122576186928,1175.0,1000.0,0,0.0,2.0
379,1316,2018-03-06,1,3,2018,65,1085.0,1017.0,159.867132331822,1316.0,873.0,0,0.0,2.0
380,1216,2018-03-07,2,3,2018,66,1093.2,1017.0,166.54939207334348,1316.0,1035.0,0,0.0,2.0
381,1049,2018-03-08,3,3,2018,67,1102.2,1049.0,161.6684879622503,1316.0,1026.0,0,2.0,2.0
382,1175,2018-03-09,4,3,2018,68,1154.6,1175.0,122.80187294988706,1316.0,1096.0,0,0.0,0.0
383,1000,2018-03-10,5,3,2018,69,1151.2,1175.0,127.70160531489104,1316.0,1026.0,0,0.0,0.0
384,873,2018-03-11,6,3,2018,70,1062.6,1049.0,138.03731379594552,1216.0,1926.0,0,0.0,3.0
385,1035,2018-03-12,0,3,2018,71,1026.4,1035.0,108.27649791159843,1175.0,1843.0,0,0.0,16.0
386,1026,2018-03-13,1,3,2018,72,1021.8,1026.0,107.56253994769921,1175.0,1289.0,0,0.0,18.0
387,1096,2018-03-14,2,3,2018,73,1006.0,1026.0,82.25873813766175,1096.0,1496.0,0,0.0,18.0
388,1026,2018-03-15,3,3,2018,74,1011.2,1026.0,82.60568987666892,1096.0,1473.0,0,3.0,18.0
389,1926,2018-03-16,4,3,2018,75,1221.8,1035.0,394.74447431218096,1926.0,1701.0,0,13.0,16.0
390,1843,2018-03-17,5,3,2018,76,1383.4,1096.0,459.2698553138447,1926.0,1755.0,0,2.0,3.0
391,1289,2018-03-18,6,3,2018,77,1436.0,1289.0,421.6212755542582,1926.0,1645.0,0,0.0,4.0
392,1496,2018-03-19,0,3,2018,78,1516.0,1496.0,376.51626790883773,1926.0,1399.0,0,0.0,4.0
393,1473,2018-03-20,1,3,2018,79,1605.4,1496.0,268.7216031509182,1926.0,1080.0,0,1.0,4.0
394,1701,2018-03-21,2,3,2018,80,1560.4,1496.0,215.10183634734415,1843.0,1803.0,0,0.0,3.0
395,1755,2018-03-22,3,3,2018,81,1542.8,1496.0,188.10422642779628,1755.0,1493.0,0,3.0,4.0
396,1645,2018-03-23,4,3,2018,82,1614.0,1645.0,124.71567664090797,1755.0,1421.0,0,0.0,1.0
397,1399,2018-03-24,5,3,2018,83,1594.6,1645.0,152.18015639366243,1755.0,1385.0,0,0.0,1.0
398,1080,2018-03-25,6,3,2018,84,1516.0,1645.0,279.18273585592584,1755.0,1745.0,0,0.0,1.0
399,1803,2018-03-26,0,3,2018,85,1536.4,1645.0,299.0966399008849,1803.0,1618.0,0,1.0,3.0
400,1493,2018-03-27,1,3,2018,86,1484.0,1493.0,273.0402900672348,1803.0,1226.0,0,0.0,4.0
401,1421,2018-03-28,2,3,2018,87,1439.2,1421.0,257.9810070528445,1803.0,1442.0,0,0.0,6.0
402,1385,2018-03-29,3,3,2018,88,1436.4,1421.0,258.6016241248299,1803.0,1433.0,0,0.0,6.0
403,1745,2018-03-30,4,3,2018,89,1569.4,1493.0,191.8770439630535,1803.0,1458.0,0,2.0,6.0
404,1618,2018-03-31,5,3,2018,90,1532.4,1493.0,148.50521876351561,1745.0,1469.0,0,2.0,4.0
405,1226,2018-04-01,6,4,2018,91,1479.0,1421.0,203.89090220017107,1745.0,1564.0,0,2.0,2.0
406,1442,2018-04-02,0,4,2018,92,1483.2,1442.0,202.60972335996047,1745.0,1141.0,0,0.0,0.0
407,1433,2018-04-03,1,4,2018,93,1492.8,1442.0,197.87546588700607,1745.0,1025.0,0,0.0,0.0
408,1458,2018-04-04,2,4,2018,94,1435.4,1442.0,139.419510829725,1618.0,1292.0,0,0.0,0.0
409,1469,2018-04-05,3,4,2018,95,1405.6,1442.0,101.36222175939044,1469.0,1233.0,0,0.0,0.0
410,1564,2018-04-06,4,4,2018,96,1473.2,1458.0,52.637439147433376,1564.0,1213.0,0,0.0,0.0
411,1141,2018-04-07,5,4,2018,97,1413.0,1458.0,159.9578069367039,1564.0,1226.0,0,0.0,0.0
412,1025,2018-04-08,6,4,2018,98,1331.4,1458.0,234.09250308371668,1564.0,1283.0,0,0.0,0.0
413,1292,2018-04-09,0,4,2018,99,1298.2,1292.0,223.16518545687174,1564.0,1442.0,0,0.0,2.0
414,1233,2018-04-10,1,4,2018,100,1251.0,1233.0,201.95915428620714,1564.0,1201.0,0,0.0,6.0
415,1213,2018-04-11,2,4,2018,101,1180.8,1213.0,102.450963880288,1292.0,1287.0,0,0.0,7.0
416,1226,2018-04-12,3,4,2018,102,1197.8,1226.0,101.24080205134717,1292.0,1312.0,0,0.0,7.0
417,1283,2018-04-13,4,4,2018,103,1249.4,1233.0,35.6552941370565,1292.0,1295.0,0,2.0,7.0
418,1442,2018-04-14,5,4,2018,104,1279.4,1233.0,94.6905486307899,1442.0,1307.0,0,4.0,5.0
419,1201,2018-04-15,6,4,2018,105,1273.0,1226.0,99.56656065165652,1442.0,1417.0,0,1.0,1.0
420,1287,2018-04-16,0,4,2018,106,1287.8,1283.0,93.74806664673137,1442.0,1213.0,0,0.0,0.0
421,1312,2018-04-17,1,4,2018,107,1305.0,1287.0,87.23817971507647,1442.0,1267.0,0,0.0,0.0
422,1295,2018-04-18,2,4,2018,108,1307.4,1295.0,86.64467669741737,1442.0,1477.0,0,0.0,1.0
423,1307,2018-04-19,3,4,2018,109,1280.4,1295.0,45.46207210411778,1312.0,1413.0,0,0.0,1.0
424,1417,2018-04-20,4,4,2018,110,1323.6,1307.0,53.13002917371649,1417.0,1342.0,0,0.0,1.0
425,1213,2018-04-21,5,4,2018,111,1308.8,1307.0,72.60991667809554,1417.0,1297.0,0,0.0,1.0
426,1267,2018-04-22,6,4,2018,112,1299.8,1295.0,74.86788363510742,1417.0,1358.0,0,1.0,2.0
427,1477,2018-04-23,0,4,2018,113,1336.2,1307.0,108.59650086443833,1477.0,1373.0,0,0.0,1.0
428,1413,2018-04-24,1,4,2018,114,1357.4,1413.0,111.77119485806674,1477.0,1102.0,0,0.0,3.0
429,1342,2018-04-25,2,4,2018,115,1342.4,1342.0,106.69020573604656,1477.0,1698.0,0,0.0,3.0
430,1297,2018-04-26,3,4,2018,116,1359.2,1342.0,85.7857797073613,1477.0,3039.0,0,1.0,3.0
431,1358,2018-04-27,4,4,2018,117,1377.4,1358.0,69.42838036422783,1477.0,2511.0,0,0.0,6.0
432,1373,2018-04-28,5,4,2018,118,1356.6,1358.0,42.477052628447815,1413.0,1971.0,0,2.0,6.0
433,1102,2018-04-29,6,4,2018,119,1294.4,1342.0,111.25780871471454,1373.0,1693.0,0,0.0,4.0
434,1698,2018-04-30,0,4,2018,120,1365.6,1358.0,214.93789800777319,1698.0,1355.0,0,0.0,4.0
435,3039,2018-05-01,1,5,2018,121,1714.0,1373.0,770.2989679338792,3039.0,1148.0,0,4.0,5.0
436,2511,2018-05-02,2,5,2018,122,1944.6,1698.0,808.707796425878,3039.0,1635.0,0,0.0,1.0
437,1971,2018-05-03,3,5,2018,123,2064.2,1971.0,744.7286082862663,3039.0,1990.0,0,0.0,2.0
438,1693,2018-05-04,4,5,2018,124,2182.4,1971.0,583.2210558613252,3039.0,2189.0,0,0.0,2.0
439,1355,2018-05-05,5,5,2018,125,2113.8,1971.0,668.3944942921052,3039.0,1996.0,0,1.0,3.0
440,1148,2018-05-06,6,5,2018,126,1735.6,1693.0,535.8645351205835,2511.0,1905.0,0,0.0,2.0
441,1635,2018-05-07,0,5,2018,127,1560.4,1635.0,317.8062302724712,1971.0,1600.0,0,1.0,2.0
442,1990,2018-05-08,1,5,2018,128,1564.2,1635.0,323.99645059784064,1990.0,1509.0,0,0.0,4.0
443,2189,2018-05-09,2,5,2018,129,1663.4,1635.0,431.41546101177113,2189.0,2299.0,0,1.0,4.0
444,1996,2018-05-10,3,5,2018,130,1791.6,1990.0,411.64705756266375,2189.0,1923.0,0,0.0,3.0
445,1905,2018-05-11,4,5,2018,131,1943.0,1990.0,201.14795549544866,2189.0,1763.0,0,0.0,3.0
446,1600,2018-05-12,5,5,2018,132,1936.0,1990.0,214.6986259853542,2189.0,2055.0,0,3.0,3.0
447,1509,2018-05-13,6,5,2018,133,1839.8,1905.0,281.7458074222207,2189.0,1943.0,0,0.0,0.0
448,2299,2018-05-14,0,5,2018,134,1861.8,1905.0,317.81551252259396,2299.0,1640.0,0,0.0,1.0
449,1923,2018-05-15,1,5,2018,135,1847.2,1905.0,311.7277658470594,2299.0,1424.0,0,0.0,2.0
450,1763,2018-05-16,2,5,2018,136,1818.8,1763.0,311.6138636197034,2299.0,1642.0,0,0.0,2.0
451,2055,2018-05-17,3,5,2018,137,1909.8,1923.0,297.8778273050868,2299.0,1509.0,0,0.0,2.0
452,1943,2018-05-18,4,5,2018,138,1996.6,1943.0,198.56686531241587,2299.0,1775.0,0,1.0,2.0
453,1640,2018-05-19,5,5,2018,139,1864.8,1923.0,163.23051185363326,2055.0,2673.0,0,1.0,1.0
454,1424,2018-05-20,6,5,2018,140,1765.0,1763.0,248.84432884837685,2055.0,3046.0,0,0.0,0.0
455,1642,2018-05-21,0,5,2018,141,1740.8,1642.0,254.89743035189494,2055.0,4112.0,0,0.0,1.0
456,1509,2018-05-22,1,5,2018,142,1631.6,1640.0,197.02614039766178,1943.0,2247.0,0,0.0,2.0
457,1775,2018-05-23,2,5,2018,143,1598.0,1640.0,135.3015151430284,1775.0,2071.0,0,0.0,2.0
458,2673,2018-05-24,3,5,2018,144,1804.6,1642.0,503.4057011993399,2673.0,2527.0,0,0.0,2.0
459,3046,2018-05-25,4,5,2018,145,2129.0,1775.0,686.2415755402751,3046.0,5531.0,0,1.0,2.0
460,4112,2018-05-26,5,5,2018,146,2623.0,2673.0,1043.8690051917429,4112.0,4139.0,0,1.0,1.0
461,2247,2018-05-27,6,5,2018,147,2770.6,2673.0,887.4262222855482,4112.0,2018.0,0,0.0,0.0
462,2071,2018-05-28,0,5,2018,148,2829.8,2673.0,810.9868679577982,4112.0,1691.0,1,0.0,3.0
463,2527,2018-05-29,1,5,2018,149,2800.6,2527.0,820.6151960572014,4112.0,1540.0,0,0.0,3.0
464,5531,2018-05-30,2,5,2018,150,3297.6,2527.0,1487.7378129226934,5531.0,1865.0,0,0.0,3.0
465,4139,2018-05-31,3,5,2018,151,3303.0,2527.0,1491.4771201731521,5531.0,1871.0,0,0.0,3.0
466,2018,2018-06-01,4,6,2018,152,3257.2,2527.0,1534.895501328999,5531.0,1892.0,0,3.0,3.0
467,1691,2018-06-02,5,6,2018,153,3181.2,2527.0,1615.5996410002074,5531.0,1921.0,0,0.0,0.0
468,1540,2018-06-03,6,6,2018,154,2983.8,2018.0,1768.5710898914974,5531.0,2016.0,0,0.0,0.0
469,1865,2018-06-04,0,6,2018,155,2250.6,1865.0,1070.8582072338047,4139.0,2654.0,0,0.0,2.0
470,1871,2018-06-05,1,6,2018,156,1797.0,1865.0,184.54403268596272,2018.0,1824.0,0,0.0,5.0
471,1892,2018-06-06,2,6,2018,157,1771.8,1865.0,152.67187036254467,1892.0,2029.0,0,0.0,5.0
472,1921,2018-06-07,3,6,2018,158,1817.8,1871.0,156.83335104497925,1921.0,2603.0,0,0.0,5.0
473,2016,2018-06-08,4,6,2018,159,1913.0,1892.0,61.60762939764666,2016.0,3048.0,0,2.0,6.0
474,2654,2018-06-09,5,6,2018,160,2070.8,1921.0,330.7018294476127,2654.0,2689.0,0,3.0,4.0
475,1824,2018-06-10,6,6,2018,161,2061.4,1921.0,338.3796684199538,2654.0,2469.0,0,0.0,8.0
476,2029,2018-06-11,0,6,2018,162,2088.8,2016.0,326.57418758989195,2654.0,1844.0,0,0.0,10.0
477,2603,2018-06-12,1,6,2018,163,2225.2,2029.0,377.43304041908954,2654.0,1524.0,0,1.0,10.0
478,3048,2018-06-13,2,6,2018,164,2431.6,2603.0,497.5070853766789,3048.0,2254.0,0,0.0,9.0
479,2689,2018-06-14,3,6,2018,165,2438.6,2603.0,501.647585462143,3048.0,2391.0,0,7.0,9.0
480,2469,2018-06-15,4,6,2018,166,2567.6,2603.0,369.65767948197436,3048.0,2519.0,0,2.0,2.0
481,1844,2018-06-16,5,6,2018,167,2530.6,2603.0,439.6729466319233,3048.0,2276.0,0,0.0,1.0
482,1524,2018-06-17,6,6,2018,168,2314.8,2469.0,622.1741717557858,3048.0,2181.0,0,0.0,1.0
483,2254,2018-06-18,0,6,2018,169,2156.0,2254.0,471.28282379055355,2689.0,2052.0,0,0.0,2.0
484,2391,2018-06-19,1,6,2018,170,2096.4,2254.0,400.5637277637578,2469.0,1404.0,0,0.0,5.0
485,2519,2018-06-20,2,6,2018,171,2106.4,2254.0,412.6333723779475,2519.0,1942.0,0,1.0,5.0
486,2276,2018-06-21,3,6,2018,172,2192.8,2276.0,388.4748383100223,2519.0,1850.0,0,0.0,8.0
487,2181,2018-06-22,4,6,2018,173,2324.2,2276.0,132.4450829589309,2519.0,1886.0,0,1.0,8.0
488,2052,2018-06-23,5,6,2018,174,2283.8,2276.0,181.08754788774985,2519.0,1789.0,0,3.0,9.0
489,1404,2018-06-24,6,6,2018,175,2086.4,2181.0,417.9991626785847,2519.0,2016.0,0,0.0,8.0
490,1942,2018-06-25,0,6,2018,176,1971.0,2052.0,341.32682285457406,2276.0,2086.0,0,4.0,8.0
491,1850,2018-06-26,1,6,2018,177,1885.8,1942.0,296.36835188663065,2181.0,1561.0,0,0.0,9.0
492,1886,2018-06-27,2,6,2018,178,1826.8,1886.0,248.38921071575888,2052.0,1962.0,0,2.0,10.0
493,1789,2018-06-28,3,6,2018,179,1774.2,1850.0,214.28299045887337,1942.0,1950.0,0,2.0,8.0
494,2016,2018-06-29,4,6,2018,180,1896.6,1886.0,86.86080819332571,2016.0,1389.0,0,0.0,6.0
495,2086,2018-06-30,5,6,2018,181,1925.4,1886.0,122.31434911733677,2086.0,2842.0,0,5.0,8.0
496,1561,2018-07-01,6,7,2018,182,1867.6,1886.0,206.30147842416858,2086.0,3258.0,0,1.0,3.0
497,1962,2018-07-02,0,7,2018,183,1882.8,1962.0,210.74795372671522,2086.0,3351.0,0,0.0,2.0
498,1950,2018-07-03,1,7,2018,184,1915.0,1962.0,205.05608988761523,2086.0,2204.0,0,0.0,6.0
499,1389,2018-07-04,2,7,2018,185,1789.6,1950.0,298.34594014331356,2086.0,2914.0,1,2.0,6.0
500,2842,2018-07-05,3,7,2018,186,1940.8,1950.0,561.566291723424,2842.0,3222.0,0,0.0,4.0
501,3258,2018-07-06,4,7,2018,187,2280.2,1962.0,754.3594633859896,3258.0,2856.0,0,0.0,4.0
502,3351,2018-07-07,5,7,2018,188,2558.0,2842.0,856.6986051115049,3351.0,2809.0,0,4.0,4.0
503,2204,2018-07-08,6,7,2018,189,2608.8,2842.0,818.3029390146403,3351.0,3120.0,0,0.0,0.0
504,2914,2018-07-09,0,7,2018,190,2913.8,2914.0,452.3794867144156,3351.0,2343.0,0,0.0,1.0
505,3222,2018-07-10,1,7,2018,191,2989.8,3222.0,468.91918280232267,3351.0,1958.0,0,0.0,1.0
506,2856,2018-07-11,2,7,2018,192,2909.4,2914.0,445.30641136188245,3351.0,2820.0,0,0.0,1.0
507,2809,2018-07-12,3,7,2018,193,2801.0,2856.0,370.64403408121666,3222.0,2424.0,0,0.0,1.0
508,3120,2018-07-13,4,7,2018,194,2984.2,2914.0,178.2195275495872,3222.0,2844.0,0,1.0,1.0
509,2343,2018-07-14,5,7,2018,195,2870.0,2856.0,342.0708990837982,3222.0,2540.0,0,0.0,2.0
510,1958,2018-07-15,6,7,2018,196,2617.2,2809.0,462.69612058023364,3120.0,2574.0,0,0.0,3.0
511,2820,2018-07-16,0,7,2018,197,2610.0,2809.0,458.3104842789417,3120.0,2511.0,0,0.0,3.0
512,2424,2018-07-17,1,7,2018,198,2533.0,2424.0,448.7605151971351,3120.0,1771.0,0,0.0,4.0
513,2844,2018-07-18,2,7,2018,199,2477.8,2424.0,368.2596909790672,2844.0,2391.0,0,2.0,4.0
514,2540,2018-07-19,3,7,2018,200,2517.2,2540.0,360.6926669617752,2844.0,2320.0,0,1.0,2.0
515,2574,2018-07-20,4,7,2018,201,2640.4,2574.0,183.7302370324438,2844.0,2359.0,0,0.0,1.0
516,2511,2018-07-21,5,7,2018,202,2578.6,2540.0,158.44494311904683,2844.0,2452.0,0,1.0,1.0
517,1771,2018-07-22,6,7,2018,203,2448.0,2540.0,401.07792260357337,2844.0,2780.0,0,0.0,0.0
518,2391,2018-07-23,0,7,2018,204,2357.4,2511.0,334.97955161471873,2574.0,2360.0,0,0.0,3.0
519,2320,2018-07-24,1,7,2018,205,2313.4,2391.0,319.0694281813881,2574.0,1861.0,0,0.0,3.0
520,2359,2018-07-25,2,7,2018,206,2270.4,2359.0,288.1593309264824,2511.0,2331.0,0,0.0,3.0
521,2452,2018-07-26,3,7,2018,207,2258.6,2359.0,276.82900859555525,2452.0,2514.0,0,0.0,3.0
522,2780,2018-07-27,4,7,2018,208,2460.4,2391.0,185.08457526222438,2780.0,2606.0,0,3.0,3.0
523,2360,2018-07-28,5,7,2018,209,2454.2,2360.0,188.47864600531807,2780.0,2635.0,0,0.0,4.0
524,1861,2018-07-29,6,7,2018,210,2362.4,2360.0,329.33159581187783,2780.0,3089.0,0,0.0,4.0
525,2331,2018-07-30,0,7,2018,211,2356.8,2360.0,329.64177526520825,2780.0,2471.0,0,0.0,5.0
526,2514,2018-07-31,1,7,2018,212,2369.2,2360.0,335.2367819914725,2780.0,1927.0,0,0.0,7.0
527,2606,2018-08-01,2,8,2018,213,2334.4,2360.0,287.57485981914016,2606.0,2631.0,0,4.0,7.0
528,2635,2018-08-02,3,8,2018,214,2389.4,2514.0,318.3461952026411,2635.0,2382.0,0,0.0,3.0
529,3089,2018-08-03,4,8,2018,215,2635.0,2606.0,280.1847604706546,3089.0,2577.0,0,1.0,3.0
530,2471,2018-08-04,5,8,2018,216,2663.0,2606.0,247.27211731207805,3089.0,2769.0,0,2.0,2.0
531,1927,2018-08-05,6,8,2018,217,2545.6,2606.0,416.87983880249965,3089.0,3871.0,0,0.0,1.0
532,2631,2018-08-06,0,8,2018,218,2550.6,2631.0,417.93396607597964,3089.0,3217.0,0,0.0,3.0
533,2382,2018-08-07,1,8,2018,219,2500.0,2471.0,420.4687859996246,3089.0,2308.0,0,0.0,4.0
534,2577,2018-08-08,2,8,2018,220,2397.6,2471.0,280.0692771440633,2631.0,2858.0,0,0.0,4.0
535,2769,2018-08-09,3,8,2018,221,2457.2,2577.0,327.31666624233804,2769.0,3694.0,0,1.0,4.0
536,3871,2018-08-10,4,8,2018,222,2846.0,2631.0,589.5837514721705,3871.0,3822.0,0,2.0,5.0
537,3217,2018-08-11,5,8,2018,223,2963.2,2769.0,594.384723895221,3871.0,3263.0,0,1.0,3.0
538,2308,2018-08-12,6,8,2018,224,2948.4,2769.0,613.1009704771296,3871.0,3783.0,0,0.0,6.0
539,2858,2018-08-13,0,8,2018,225,3004.6,2858.0,582.6691170810395,3871.0,3415.0,0,0.0,6.0
540,3694,2018-08-14,1,8,2018,226,3189.6,3217.0,633.7691219994854,3871.0,2289.0,0,2.0,14.0
541,3822,2018-08-15,2,8,2018,227,3179.8,3217.0,620.8455524524586,3822.0,2766.0,0,0.0,12.0
542,3263,2018-08-16,3,8,2018,228,3189.0,3263.0,621.8745854269963,3822.0,2744.0,0,4.0,12.0
543,3783,2018-08-17,4,8,2018,229,3484.0,3694.0,414.86805131270233,3822.0,2492.0,0,0.0,8.0
544,3415,2018-08-18,5,8,2018,230,3595.4,3694.0,244.59006521115947,3822.0,2525.0,0,8.0,8.0
545,2289,2018-08-19,6,8,2018,231,3314.4,3415.0,620.7759660296126,3822.0,2699.0,0,0.0,0.0
546,2766,2018-08-20,0,8,2018,232,3103.2,3263.0,583.4185461570436,3783.0,2105.0,0,0.0,0.0
547,2744,2018-08-21,1,8,2018,233,2999.4,2766.0,593.9539544442803,3783.0,1753.0,0,0.0,1.0
548,2492,2018-08-22,2,8,2018,234,2741.2,2744.0,424.62183175149823,3415.0,2282.0,0,0.0,1.0
549,2525,2018-08-23,3,8,2018,235,2563.2,2525.0,197.18696711496258,2766.0,2421.0,0,0.0,1.0
550,2699,2018-08-24,4,8,2018,236,2645.2,2699.0,127.63894390035308,2766.0,2105.0,0,0.0,1.0
551,2105,2018-08-25,5,8,2018,237,2513.0,2525.0,252.49059388420244,2744.0,2302.0,0,1.0,1.0
552,1753,2018-08-26,6,8,2018,238,2314.8,2492.0,381.7161248886364,2699.0,2524.0,0,0.0,0.0
553,2282,2018-08-27,0,8,2018,239,2272.8,2282.0,368.67492456091594,2699.0,2394.0,0,0.0,0.0
554,2421,2018-08-28,1,8,2018,240,2252.0,2282.0,353.51096164050847,2699.0,1705.0,0,0.0,6.0
555,2105,2018-08-29,2,8,2018,241,2133.2,2105.0,250.55578221225892,2421.0,2039.0,0,0.0,6.0
556,2302,2018-08-30,3,8,2018,242,2172.6,2282.0,260.3119282706749,2421.0,2290.0,0,0.0,6.0
557,2524,2018-08-31,4,8,2018,243,2326.8,2302.0,157.78054379421206,2524.0,2562.0,0,0.0,6.0
558,2394,2018-09-01,5,9,2018,244,2349.2,2394.0,157.78054379421218,2524.0,2391.0,0,6.0,8.0
559,1705,2018-09-02,6,9,2018,245,2206.0,2302.0,318.9380817650928,2524.0,2390.0,0,0.0,3.0
560,2039,2018-09-03,0,9,2018,246,2192.8,2302.0,325.4622866016845,2524.0,1869.0,1,0.0,3.0
561,2290,2018-09-04,1,9,2018,247,2190.4,2290.0,324.498536206247,2524.0,1611.0,0,0.0,4.0
562,2562,2018-09-05,2,9,2018,248,2198.0,2290.0,334.55418096325894,2562.0,2158.0,0,2.0,4.0
563,2391,2018-09-06,3,9,2018,249,2197.4,2290.0,334.1171950079748,2562.0,2029.0,0,1.0,2.0
564,2390,2018-09-07,4,9,2018,250,2334.4,2390.0,191.9174301620287,2562.0,2029.0,0,0.0,1.0
565,1869,2018-09-08,5,9,2018,251,2300.4,2390.0,260.2331646812088,2562.0,2034.0,0,1.0,1.0
566,1611,2018-09-09,6,9,2018,252,2164.6,2390.0,404.30223843060406,2562.0,2313.0,0,0.0,4.0
567,2158,2018-09-10,0,9,2018,253,2083.8,2158.0,340.33615735034215,2391.0,2862.0,0,0.0,4.0
568,2029,2018-09-11,1,9,2018,254,2011.4,2029.0,293.99710882931606,2390.0,1854.0,0,0.0,5.0
569,2029,2018-09-12,2,9,2018,255,1939.2,2029.0,210.14566376681816,2158.0,2277.0,0,0.0,5.0
570,2034,2018-09-13,3,9,2018,256,1972.2,2029.0,209.31961207683491,2158.0,2830.0,0,4.0,5.0
571,2313,2018-09-14,4,9,2018,257,2112.6,2034.0,124.877139621297,2313.0,3137.0,0,0.0,1.0
572,2862,2018-09-15,5,9,2018,258,2253.4,2034.0,361.5221984885538,2862.0,5634.0,0,1.0,2.0
573,1854,2018-09-16,6,9,2018,259,2218.4,2034.0,395.5481007412338,2862.0,6359.0,0,0.0,4.0
574,2277,2018-09-17,0,9,2018,260,2268.0,2277.0,381.1476092014711,2862.0,12638.0,0,0.0,6.0
575,2830,2018-09-18,1,9,2018,261,2427.2,2313.0,422.92398844236493,2862.0,5082.0,0,0.0,8.0
576,3137,2018-09-19,2,9,2018,262,2592.0,2830.0,517.3098684540998,3137.0,4584.0,0,1.0,8.0
577,5634,2018-09-20,3,9,2018,263,3146.4,2830.0,1476.017039197041,5634.0,3953.0,0,3.0,7.0
578,6359,2018-09-21,4,9,2018,264,4047.4,3137.0,1823.869595119125,6359.0,4084.0,0,2.0,4.0
579,12638,2018-09-22,5,9,2018,265,6119.6,5634.0,3952.8479985954436,12638.0,4507.0,0,2.0,3.0
580,5082,2018-09-23,6,9,2018,266,6570.0,5634.0,3596.5564780773298,12638.0,3899.0,0,0.0,1.0
581,4584,2018-09-24,0,9,2018,267,6859.4,5634.0,3296.9993630572644,12638.0,3540.0,0,0.0,1.0
582,3953,2018-09-25,1,9,2018,268,6523.2,5082.0,3530.6239816780267,12638.0,2942.0,0,0.0,4.0
583,4084,2018-09-26,2,9,2018,269,6068.2,4584.0,3699.622710493599,12638.0,3624.0,0,1.0,4.0
584,4507,2018-09-27,3,9,2018,270,4442.0,4507.0,447.56954766828426,5082.0,3604.0,0,0.0,7.0
585,3899,2018-09-28,4,9,2018,271,4205.4,4084.0,318.8358511836329,4584.0,3828.0,0,0.0,7.0
586,3540,2018-09-29,5,9,2018,272,3996.6,3953.0,349.3054537220834,4507.0,3582.0,0,3.0,12.0
587,2942,2018-09-30,6,9,2018,273,3794.4,3899.0,590.3205061659212,4507.0,3523.0,0,0.0,10.0
588,3624,2018-10-01,0,10,2018,274,3702.4,3624.0,569.3771158028649,4507.0,3031.0,0,4.0,12.0
589,3604,2018-10-02,1,10,2018,275,3521.8,3604.0,352.129521625194,3899.0,2296.0,0,0.0,9.0
590,3828,2018-10-03,2,10,2018,276,3507.6,3604.0,334.0850191193671,3828.0,3691.0,0,5.0,9.0
591,3582,2018-10-04,3,10,2018,277,3516.0,3604.0,335.6277700071732,3828.0,3509.0,0,1.0,5.0
592,3523,2018-10-05,4,10,2018,278,3632.2,3604.0,115.8067355553568,3828.0,3355.0,0,2.0,4.0
593,3031,2018-10-06,5,10,2018,279,3513.6,3582.0,293.5511880404978,3828.0,3853.0,0,1.0,2.0
594,2296,2018-10-07,6,10,2018,280,3252.0,3523.0,607.6376387288614,3828.0,3491.0,0,0.0,4.0
595,3691,2018-10-08,0,10,2018,281,3224.6,3523.0,577.5130301560183,3691.0,2642.0,1,1.0,4.0
596,3509,2018-10-09,1,10,2018,282,3210.0,3509.0,567.0467352873007,3691.0,2714.0,0,0.0,5.0
597,3355,2018-10-10,2,10,2018,283,3176.4,3355.0,548.5387862311889,3691.0,3199.0,0,0.0,6.0
598,3853,2018-10-11,3,10,2018,284,3340.8,3509.0,613.4103031413694,3853.0,2938.0,0,3.0,6.0
599,3491,2018-10-12,4,10,2018,285,3579.8,3509.0,193.9309155343406,3853.0,2817.0,0,0.0,3.0
600,2642,2018-10-13,5,10,2018,286,3370.0,3491.0,446.50307949664443,3853.0,2743.0,0,2.0,3.0
601,2714,2018-10-14,6,10,2018,287,3211.0,3355.0,520.1129684981776,3853.0,2963.0,0,1.0,1.0
602,3199,2018-10-15,0,10,2018,288,3179.8,3199.0,513.9578776514531,3853.0,2393.0,0,0.0,1.0
603,2938,2018-10-16,1,10,2018,289,2996.8,2938.0,351.58028954989123,3491.0,1996.0,0,0.0,4.0
604,2817,2018-10-17,2,10,2018,290,2862.0,2817.0,218.90294653107088,3199.0,2755.0,0,0.0,4.0
605,2743,2018-10-18,3,10,2018,291,2882.2,2817.0,197.10073566576298,3199.0,2673.0,0,0.0,4.0
606,2963,2018-10-19,4,10,2018,292,2932.0,2938.0,174.09192973824273,3199.0,2532.0,0,1.0,5.0
607,2393,2018-10-20,5,10,2018,293,2770.8,2817.0,229.42144625118314,2963.0,2672.0,0,3.0,4.0
608,1996,2018-10-21,6,10,2018,294,2582.4,2743.0,389.04472750569926,2963.0,2874.0,0,0.0,1.0
609,2755,2018-10-22,0,10,2018,295,2570.0,2743.0,380.59427215866475,2963.0,3328.0,0,0.0,2.0
610,2673,2018-10-23,1,10,2018,296,2556.0,2673.0,373.86762363165883,2963.0,2235.0,0,1.0,6.0
611,2532,2018-10-24,2,10,2018,297,2469.8,2532.0,298.6983428142569,2755.0,2993.0,0,0.0,5.0
612,2672,2018-10-25,3,10,2018,298,2525.6,2672.0,306.7169705118768,2755.0,2795.0,0,0.0,7.0
613,2874,2018-10-26,4,10,2018,299,2701.2,2673.0,125.52967776579429,2874.0,8056.0,0,1.0,7.0
614,3328,2018-10-27,5,10,2018,300,2815.8,2673.0,311.18676064380463,3328.0,5722.0,0,4.0,7.0
615,2235,2018-10-28,6,10,2018,301,2728.2,2672.0,408.01862702575755,3328.0,3856.0,0,0.0,6.0
616,2993,2018-10-29,0,10,2018,302,2820.4,2874.0,404.6718423611712,3328.0,2948.0,0,2.0,10.0
617,2795,2018-10-30,1,10,2018,303,2845.0,2874.0,397.0623376750616,3328.0,2332.0,0,0.0,11.0
618,8056,2018-10-31,2,10,2018,304,3881.4,2993.0,2367.154895650048,8056.0,2865.0,0,1.0,12.0
619,5722,2018-11-01,3,11,2018,305,4360.2,2993.0,2467.235234022081,8056.0,3070.0,0,3.0,11.0
620,3856,2018-11-02,4,11,2018,306,4684.4,3856.0,2211.4030161867813,8056.0,3291.0,0,4.0,9.0
621,2948,2018-11-03,5,11,2018,307,4675.4,3856.0,2220.0821606418067,8056.0,4098.0,0,3.0,7.0
622,2332,2018-11-04,6,11,2018,308,4582.8,3856.0,2325.285186810425,8056.0,4170.0,0,1.0,6.0
623,2865,2018-11-05,0,11,2018,309,3544.6,2948.0,1334.74971436595,5722.0,4075.0,0,0.0,6.0
624,3070,2018-11-06,1,11,2018,310,3014.2,2948.0,548.5847245412348,3856.0,2950.0,0,1.0,12.0
625,3291,2018-11-07,2,11,2018,311,2901.2,2948.0,356.34491717994484,3291.0,3431.0,0,2.0,11.0
626,4098,2018-11-08,3,11,2018,312,3131.2,3070.0,646.8320492987211,4098.0,3861.0,0,2.0,9.0
627,4170,2018-11-09,4,11,2018,313,3498.8,3291.0,599.6463124209016,4170.0,3986.0,0,1.0,7.0
628,4075,2018-11-10,5,11,2018,314,3740.8,4075.0,518.6007134588104,4170.0,4634.0,0,6.0,7.0
629,2950,2018-11-11,6,11,2018,315,3716.8,4075.0,558.6364649751993,4170.0,8448.0,0,0.0,2.0
630,3431,2018-11-12,0,11,2018,316,3744.8,4075.0,534.9660736906475,4170.0,8922.0,1,0.0,2.0
631,3861,2018-11-13,1,11,2018,317,3697.4,3861.0,505.5376346029907,4170.0,4526.0,0,0.0,6.0
632,3986,2018-11-14,2,11,2018,318,3660.6,3861.0,467.82507414629526,4075.0,5222.0,0,1.0,6.0
633,4634,2018-11-15,3,11,2018,319,3772.4,3861.0,630.2232144248476,4634.0,4801.0,0,1.0,6.0
634,8448,2018-11-16,4,11,2018,320,4872.0,3986.0,2044.9949877689176,8448.0,4995.0,0,0.0,5.0
635,8922,2018-11-17,5,11,2018,321,5970.2,4634.0,2501.1907564198304,8922.0,3778.0,0,4.0,6.0
636,4526,2018-11-18,6,11,2018,322,6103.2,4634.0,2375.5191432611114,8922.0,10735.0,0,0.0,3.0
637,5222,2018-11-19,0,11,2018,323,6350.4,5222.0,2154.1125318794293,8922.0,7023.0,0,1.0,4.0
638,4801,2018-11-20,1,11,2018,324,6383.8,5222.0,2121.8999033884716,8922.0,3859.0,0,0.0,4.0
639,4995,2018-11-21,2,11,2018,325,5693.2,4995.0,1822.9809927698093,8922.0,7751.0,0,1.0,4.0
640,3778,2018-11-22,3,11,2018,326,4664.4,4801.0,557.613934546107,5222.0,6338.0,1,1.0,3.0
641,10735,2018-11-23,4,11,2018,327,5906.2,4995.0,2755.287044937424,10735.0,5125.0,0,1.0,2.0
642,7023,2018-11-24,5,11,2018,328,6266.4,4995.0,2761.1962624920393,10735.0,5212.0,0,1.0,2.0
643,3859,2018-11-25,6,11,2018,329,6078.0,4995.0,2914.083217754772,10735.0,6176.0,0,0.0,3.0
644,7751,2018-11-26,0,11,2018,330,6629.2,7023.0,2918.666510583216,10735.0,5871.0,0,0.0,6.0
645,6338,2018-11-27,1,11,2018,331,7141.2,7023.0,2485.9199906674417,10735.0,4517.0,0,0.0,8.0
646,5125,2018-11-28,2,11,2018,332,6019.2,6338.0,1547.1293417164584,7751.0,5541.0,0,1.0,12.0
647,5212,2018-11-29,3,11,2018,333,5657.0,5212.0,1463.0832170454278,7751.0,5820.0,0,2.0,13.0
648,6176,2018-11-30,4,11,2018,334,6120.4,6176.0,1063.6387074566264,7751.0,5251.0,0,3.0,12.0
649,5871,2018-12-01,5,12,2018,335,5744.4,5871.0,552.6692500944835,6338.0,5316.0,0,2.0,9.0
650,4517,2018-12-02,6,12,2018,336,5380.2,5212.0,654.3536505590802,6176.0,6042.0,0,4.0,10.0
651,5541,2018-12-03,0,12,2018,337,5463.4,5541.0,640.0846037829651,6176.0,8841.0,0,2.0,8.0
652,5820,2018-12-04,1,12,2018,338,5585.0,5820.0,638.1343902345311,6176.0,5449.0,0,1.0,8.0
653,5251,2018-12-05,2,12,2018,339,5400.0,5541.0,552.2707669250611,5871.0,5930.0,0,0.0,7.0
654,5316,2018-12-06,3,12,2018,340,5289.0,5316.0,485.70103973534395,5820.0,6068.0,0,3.0,7.0
655,6042,2018-12-07,4,12,2018,341,5594.0,5541.0,335.2320092115264,6042.0,6372.0,0,2.0,5.0
656,8841,2018-12-08,5,12,2018,342,6254.0,5820.0,1484.2272400141437,8841.0,7500.0,0,2.0,3.0
657,5449,2018-12-09,6,12,2018,343,6179.8,5449.0,1520.1860741369794,8841.0,11609.0,0,0.0,3.0
658,5930,2018-12-10,0,12,2018,344,6315.6,5930.0,1444.938164766923,8841.0,8300.0,0,0.0,6.0
659,6068,2018-12-11,1,12,2018,345,6466.0,6042.0,1350.9616944976658,8841.0,5820.0,0,1.0,8.0
660,6372,2018-12-12,2,12,2018,346,6532.0,6068.0,1333.0106901296797,8841.0,7269.0,0,0.0,7.0
661,7500,2018-12-13,3,12,2018,347,6263.8,6068.0,767.0653166452012,7500.0,7064.0,0,2.0,7.0
662,11609,2018-12-14,4,12,2018,348,7495.8,6372.0,2380.7404730461517,11609.0,7426.0,0,3.0,8.0
663,8300,2018-12-15,5,12,2018,349,7969.8,7500.0,2221.6732883122168,11609.0,6896.0,0,2.0,7.0
664,5820,2018-12-16,6,12,2018,350,7920.2,7500.0,2276.83029670637,11609.0,6354.0,0,0.0,5.0
665,7269,2018-12-17,0,12,2018,351,8099.6,7500.0,2156.50418501797,11609.0,5230.0,0,0.0,7.0
666,7064,2018-12-18,1,12,2018,352,8012.4,7269.0,2195.2772717814073,11609.0,4487.0,0,3.0,9.0
667,7426,2018-12-19,2,12,2018,353,7175.8,7269.0,892.4411465189229,8300.0,4149.0,0,2.0,6.0
668,6896,2018-12-20,3,12,2018,354,6895.0,7064.0,633.6450110274731,7426.0,4602.0,0,0.0,4.0
669,6354,2018-12-21,4,12,2018,355,7001.8,7064.0,414.1403143863292,7426.0,6474.0,0,2.0,4.0
670,5230,2018-12-22,5,12,2018,356,6594.0,6896.0,854.7549356394516,7426.0,10437.0,0,2.0,4.0
671,4487,2018-12-23,6,12,2018,357,6078.6,6354.0,1205.4861260089215,7426.0,8176.0,0,0.0,6.0
672,4149,2018-12-24,0,12,2018,358,5423.2,5230.0,1180.3506682338052,6896.0,6464.0,0,0.0,6.0
673,4602,2018-12-25,1,12,2018,359,4964.4,4602.0,869.7202423768152,6354.0,4696.0,1,0.0,8.0
674,6474,2018-12-26,2,12,2018,360,4988.4,4602.0,917.9702064881989,6474.0,4655.0,0,2.0,8.0
675,10437,2018-12-27,3,12,2018,361,6029.8,4602.0,2625.6893761448628,10437.0,3980.0,0,4.0,6.0
676,8176,2018-12-28,4,12,2018,362,6767.6,6474.0,2601.9789199761026,10437.0,5115.0,0,0.0,8.0
677,6464,2018-12-29,5,12,2018,363,7230.6,6474.0,2193.424217975176,10437.0,5733.0,0,2.0,9.0
678,4696,2018-12-30,6,12,2018,364,7249.4,6474.0,2165.4867351244643,10437.0,6195.0,0,0.0,8.0
679,4655,2018-12-31,0,12,2018,365,6885.6,6464.0,2460.957394998948,10437.0,5030.0,0,0.0,9.0
680,3980,2019-01-01,1,1,2019,1,5594.2,4696.0,1711.4865468358184,8176.0,3964.0,1,6.0,9.0
681,5115,2019-01-02,2,1,2019,2,4982.0,4696.0,922.868083747611,6464.0,4955.0,0,1.0,3.0
682,5733,2019-01-03,3,1,2019,3,4835.8,4696.0,645.667638959849,5733.0,4920.0,0,1.0,3.0
683,6195,2019-01-04,4,1,2019,4,5135.6,5115.0,872.6435698496775,6195.0,5066.0,0,1.0,2.0
684,5030,2019-01-05,5,1,2019,5,5210.6,5115.0,836.3727040022229,6195.0,5300.0,0,0.0,1.0
685,3964,2019-01-06,6,1,2019,6,5207.4,5115.0,842.2679502391088,6195.0,5118.0,0,0.0,1.0
686,4955,2019-01-07,0,1,2019,7,5175.4,5030.0,849.6630508619223,6195.0,4514.0,0,1.0,1.0
687,4920,2019-01-08,1,1,2019,8,5012.8,4955.0,792.1216446985828,6195.0,3550.0,0,0.0,1.0
688,5066,2019-01-09,2,1,2019,9,4787.0,4955.0,463.7165082245675,5066.0,4188.0,0,0.0,1.0
689,5300,2019-01-10,3,1,2019,10,4841.0,4955.0,512.26750824153,5300.0,4518.0,0,0.0,1.0
690,5118,2019-01-11,4,1,2019,11,5071.8,5066.0,150.77201331808396,5300.0,4358.0,0,0.0,2.0
691,4514,2019-01-12,5,1,2019,12,4983.6,5066.0,295.60581861659546,5300.0,4719.0,0,1.0,4.0
692,3550,2019-01-13,6,1,2019,13,4709.6,5066.0,711.5678463786743,5300.0,4479.0,0,0.0,3.0
693,4188,2019-01-14,0,1,2019,14,4534.0,4514.0,709.9619708125095,5300.0,4639.0,0,0.0,4.0
694,4518,2019-01-15,1,1,2019,15,4377.6,4514.0,571.703419615434,5118.0,3851.0,0,1.0,9.0
695,4358,2019-01-16,2,1,2019,16,4225.6,4358.0,401.26400287090206,4518.0,4286.0,0,2.0,8.0
696,4719,2019-01-17,3,1,2019,17,4266.6,4358.0,446.07039803149877,4719.0,4457.0,0,0.0,7.0
697,4479,2019-01-18,4,1,2019,18,4452.4,4479.0,196.7899895827574,4719.0,4350.0,0,1.0,8.0
698,4639,2019-01-19,5,1,2019,19,4542.6,4518.0,140.65667421058538,4719.0,6584.0,0,5.0,7.0
699,3851,2019-01-20,6,1,2019,20,4409.2,4479.0,342.00321635911746,4719.0,5077.0,0,0.0,4.0
700,4286,2019-01-21,0,1,2019,21,4394.8,4479.0,346.18809915995257,4719.0,4520.0,1,1.0,4.0
701,4457,2019-01-22,1,1,2019,22,4342.4,4457.0,301.83571690570466,4639.0,3625.0,0,1.0,4.0
702,4350,2019-01-23,2,1,2019,23,4316.6,4350.0,292.6128842002356,4639.0,4532.0,0,0.0,3.0
703,6584,2019-01-24,3,1,2019,24,4705.6,4350.0,1075.0633934796513,6584.0,4625.0,0,2.0,4.0
704,5077,2019-01-25,4,1,2019,25,4950.8,4457.0,965.6638649136588,6584.0,4121.0,0,0.0,4.0
705,4520,2019-01-26,5,1,2019,26,4997.6,4520.0,930.4172719806879,6584.0,4826.0,0,1.0,4.0
706,3625,2019-01-27,6,1,2019,27,4831.2,4520.0,1108.607550037426,6584.0,5291.0,0,0.0,3.0
707,4532,2019-01-28,0,1,2019,28,4867.6,4532.0,1091.7171336935153,6584.0,4272.0,0,1.0,12.0
708,4625,2019-01-29,1,1,2019,29,4475.8,4532.0,527.4170076893444,5077.0,4491.0,0,2.0,14.0
709,4121,2019-01-30,2,1,2019,30,4284.6,4520.0,416.63209189881206,4625.0,4815.0,0,0.0,12.0
710,4826,2019-01-31,3,1,2019,31,4345.8,4532.0,477.83438553538673,4826.0,5423.0,0,0.0,12.0
711,5291,2019-02-01,4,2,2019,32,4679.0,4625.0,427.7972650683775,5291.0,8121.0,0,9.0,12.0
712,4272,2019-02-02,5,2,2019,33,4627.0,4625.0,464.3710800641909,5291.0,9315.0,0,3.0,3.0
713,4491,2019-02-03,6,2,2019,34,4600.2,4491.0,468.3649218291042,5291.0,6168.0,0,0.0,4.0
714,4815,2019-02-04,0,2,2019,35,4739.0,4815.0,386.5365441972908,5291.0,5277.0,0,0.0,4.0
715,5423,2019-02-05,1,2,2019,36,4858.4,4815.0,496.6505813949937,5423.0,4348.0,0,0.0,6.0
716,8121,2019-02-06,2,2,2019,37,5424.4,4815.0,1568.620667975528,8121.0,5478.0,0,0.0,6.0
717,9315,2019-02-07,3,2,2019,38,6433.0,5423.0,2154.3360926280757,9315.0,5908.0,0,4.0,6.0
718,6168,2019-02-08,4,2,2019,39,6768.4,6168.0,1890.836534447123,9315.0,5665.0,0,0.0,4.0
719,5277,2019-02-09,5,2,2019,40,6860.8,6168.0,1779.5269596159558,9315.0,5923.0,0,2.0,6.0
720,4348,2019-02-10,6,2,2019,41,6645.8,6168.0,2042.2190626864704,9315.0,9252.0,0,0.0,5.0
721,5478,2019-02-11,0,2,2019,42,6117.2,5478.0,1902.1755176639192,9315.0,8777.0,0,0.0,9.0
722,5908,2019-02-12,1,2,2019,43,5435.8,5478.0,701.6759936038796,6168.0,6551.0,0,2.0,12.0
723,5665,2019-02-13,2,2,2019,44,5335.2,5478.0,599.0014190300309,5908.0,6638.0,0,2.0,12.0
724,5923,2019-02-14,3,2,2019,45,5464.4,5665.0,650.7436515249243,5923.0,6360.0,0,1.0,10.0
725,9252,2019-02-15,4,2,2019,46,6445.2,5908.0,1579.8410363071357,9252.0,6247.0,0,4.0,9.0
726,8777,2019-02-16,5,2,2019,47,7105.0,5923.0,1754.1896989778534,9252.0,6717.0,0,3.0,6.0
727,6551,2019-02-17,6,2,2019,48,7233.6,6551.0,1665.843870235147,9252.0,7381.0,0,2.0,7.0
728,6638,2019-02-18,0,2,2019,49,7428.2,6638.0,1483.6636074258934,9252.0,7270.0,1,0.0,7.0
729,6360,2019-02-19,1,2,2019,50,7515.6,6638.0,1382.2319993402036,9252.0,4815.0,0,0.0,12.0
730,6247,2019-02-20,2,2,2019,51,6914.6,6551.0,1052.439689483445,8777.0,5854.0,0,1.0,12.0
731,6717,2019-02-21,3,2,2019,52,6502.6,6551.0,195.13405648426837,6717.0,5891.0,0,4.0,12.0
732,7381,2019-02-22,4,2,2019,53,6668.6,6638.0,442.6548316691092,7381.0,6563.0,0,2.0,9.0
733,7270,2019-02-23,5,2,2019,54,6795.0,6717.0,515.905514605154,7381.0,6214.0,0,5.0,7.0
734,4815,2019-02-24,6,2,2019,55,6486.0,6717.0,1039.0384978430807,7381.0,6230.0,0,0.0,2.0
735,5854,2019-02-25,0,2,2019,56,6407.4,6717.0,1075.850500766721,7381.0,5590.0,0,1.0,6.0
736,5891,2019-02-26,1,2,2019,57,6242.2,5891.0,1079.835496730869,7381.0,4417.0,0,1.0,7.0
737,6563,2019-02-27,2,2,2019,58,6078.6,5891.0,913.2909175065745,7270.0,5098.0,0,0.0,6.0
738,6214,2019-02-28,3,2,2019,59,5867.4,5891.0,654.2692870676401,6563.0,5085.0,0,0.0,10.0
739,6230,2019-03-01,4,3,2019,60,6150.4,6214.0,289.72452433303204,6563.0,4931.0,0,4.0,11.0
740,5590,2019-03-02,5,3,2019,61,6097.6,6214.0,370.1409191105477,6563.0,4872.0,0,2.0,7.0
741,4417,2019-03-03,6,3,2019,62,5802.8,6214.0,850.7665367185037,6563.0,4751.0,0,0.0,7.0
742,5098,2019-03-04,0,3,2019,63,5509.8,5590.0,772.1413083108516,6230.0,5027.0,0,4.0,7.0
743,5085,2019-03-05,1,3,2019,64,5284.0,5098.0,673.5053823095927,6230.0,4049.0,0,1.0,6.0
744,4931,2019-03-06,2,3,2019,65,5024.2,5085.0,420.3126217471787,5590.0,4641.0,0,0.0,5.0
745,4872,2019-03-07,3,3,2019,66,4880.6,4931.0,276.8488757426781,5098.0,4802.0,0,2.0,5.0
746,4751,2019-03-08,4,3,2019,67,4947.4,4931.0,146.74910561903198,5098.0,4664.0,0,0.0,3.0
747,5027,2019-03-09,5,3,2019,68,4933.2,4931.0,131.13809515158283,5085.0,4740.0,0,3.0,3.0
748,4049,2019-03-10,6,3,2019,69,4726.0,4872.0,391.43837318278156,5027.0,4983.0,0,0.0,3.0
749,4641,2019-03-11,0,3,2019,70,4668.0,4751.0,374.5917778061629,5027.0,6701.0,0,0.0,4.0
750,4802,2019-03-12,1,3,2019,71,4654.0,4751.0,366.27721741869436,5027.0,5184.0,0,0.0,7.0
751,4664,2019-03-13,2,3,2019,72,4636.6,4664.0,362.5648907436864,5027.0,5120.0,0,0.0,7.0
752,4740,2019-03-14,3,3,2019,73,4579.2,4664.0,303.15787966005524,4802.0,5399.0,0,3.0,7.0
753,4983,2019-03-15,4,3,2019,74,4766.0,4740.0,137.01277312711608,4983.0,4948.0,0,1.0,4.0
754,6701,2019-03-16,5,3,2019,75,5178.0,4802.0,859.5013088995194,6701.0,4927.0,0,3.0,4.0
755,5184,2019-03-17,6,3,2019,76,5254.4,4983.0,834.3328472498179,6701.0,6240.0,0,0.0,2.0
756,5120,2019-03-18,0,3,2019,77,5345.6,5120.0,776.5869558523301,6701.0,4824.0,0,0.0,9.0
757,5399,2019-03-19,1,3,2019,78,5477.4,5184.0,700.2844422090146,6701.0,3899.0,0,0.0,10.0
758,4948,2019-03-20,2,3,2019,79,5470.4,5184.0,706.608307338649,6701.0,4589.0,0,1.0,10.0
759,4927,2019-03-21,3,3,2019,80,5115.6,5120.0,192.79081928345556,5399.0,8264.0,0,1.0,11.0
760,6240,2019-03-22,4,3,2019,81,5326.8,5120.0,544.3442844376973,6240.0,6570.0,0,7.0,10.0
761,4824,2019-03-23,5,3,2019,82,5267.6,4948.0,586.8903645485995,6240.0,4507.0,0,1.0,3.0
762,3899,2019-03-24,6,3,2019,83,4967.6,4927.0,834.2003955884845,6240.0,6195.0,0,0.0,2.0
763,4589,2019-03-25,0,3,2019,84,4895.8,4824.0,851.5777709639814,6240.0,8983.0,0,2.0,2.0
764,8264,2019-03-26,1,3,2019,85,5563.2,4824.0,1733.3077337853172,8264.0,5706.0,0,0.0,4.0
765,6570,2019-03-27,2,3,2019,86,5629.2,4824.0,1771.3858134240527,8264.0,5602.0,0,0.0,4.0
766,4507,2019-03-28,3,3,2019,87,5565.8,4589.0,1812.6030177620228,8264.0,5887.0,0,0.0,9.0
767,6195,2019-03-29,4,3,2019,88,6025.0,6195.0,1557.6798451543236,8264.0,5846.0,0,0.0,9.0
768,8983,2019-03-30,5,3,2019,89,6903.8,6570.0,1770.006129932891,8983.0,5422.0,0,4.0,9.0
769,5706,2019-03-31,6,3,2019,90,6392.2,6195.0,1643.7453269895561,8983.0,5660.0,0,0.0,6.0
770,5602,2019-04-01,0,4,2019,91,6198.6,5706.0,1674.2903869998179,8983.0,4434.0,0,5.0,11.0
771,5887,2019-04-02,1,4,2019,92,6474.6,5887.0,1420.18460067697,8983.0,3653.0,0,0.0,6.0
772,5846,2019-04-03,2,4,2019,93,6404.8,5846.0,1445.7090647844757,8983.0,4816.0,0,0.0,6.0
773,5422,2019-04-04,3,4,2019,94,5692.6,5706.0,189.03385940088307,5887.0,5291.0,0,1.0,6.0
774,5660,2019-04-05,4,4,2019,95,5683.4,5660.0,189.33779337467917,5887.0,5308.0,0,5.0,5.0
775,4434,2019-04-06,5,4,2019,96,5449.8,5660.0,596.8510702009248,5887.0,5074.0,0,0.0,0.0
776,3653,2019-04-07,6,4,2019,97,5003.0,5422.0,930.607328576335,5846.0,7328.0,0,0.0,2.0
777,4816,2019-04-08,0,4,2019,98,4797.0,4816.0,802.5366035265802,5660.0,6054.0,0,0.0,6.0
778,5291,2019-04-09,1,4,2019,99,4770.8,4816.0,778.8194270817717,5660.0,4479.0,0,0.0,11.0
779,5308,2019-04-10,2,4,2019,100,4700.4,4816.0,689.0872949053538,5308.0,6093.0,0,0.0,11.0
780,5074,2019-04-11,3,4,2019,101,4828.4,5074.0,686.6682605159349,5308.0,5675.0,0,2.0,14.0
781,7328,2019-04-12,4,4,2019,102,5563.4,5291.0,1006.3999205087362,7328.0,5497.0,0,4.0,12.0
782,6054,2019-04-13,5,4,2019,103,5811.0,5308.0,925.5965643842862,7328.0,5477.0,0,5.0,8.0
783,4479,2019-04-14,6,4,2019,104,5648.6,5308.0,1095.3163013486067,7328.0,6026.0,0,0.0,4.0
784,6093,2019-04-15,0,4,2019,105,5805.6,6054.0,1090.5399121536057,7328.0,5264.0,0,3.0,10.0
785,5675,2019-04-16,1,4,2019,106,5925.8,6054.0,1020.623191976351,7328.0,3802.0,0,0.0,9.0
786,5497,2019-04-17,2,4,2019,107,5559.6,5675.0,654.5760460022891,6093.0,4916.0,0,0.0,9.0
787,5477,2019-04-18,3,4,2019,108,5444.2,5497.0,593.6507390713747,6093.0,8139.0,0,1.0,10.0
788,6026,2019-04-19,4,4,2019,109,5753.6,5675.0,290.65581019479515,6093.0,5139.0,0,6.0,9.0
789,5264,2019-04-20,5,4,2019,110,5587.8,5497.0,285.03982177932727,6026.0,4635.0,0,2.0,4.0
790,3802,2019-04-21,6,4,2019,111,5213.2,5477.0,837.3832455930713,6026.0,4996.0,0,0.0,5.0
791,4916,2019-04-22,0,4,2019,112,5097.0,5264.0,828.4195796816878,6026.0,5861.0,0,1.0,6.0
792,8139,2019-04-23,1,4,2019,113,5629.4,5264.0,1615.3351974125965,8139.0,3665.0,0,0.0,8.0
793,5139,2019-04-24,2,4,2019,114,5452.0,5139.0,1609.5867482058832,8139.0,4633.0,0,1.0,8.0
794,4635,2019-04-25,3,4,2019,115,5326.2,4916.0,1651.975695947125,8139.0,4986.0,0,3.0,7.0
795,4996,2019-04-26,4,4,2019,116,5565.0,4996.0,1450.5872948568076,8139.0,5429.0,0,1.0,4.0
796,5861,2019-04-27,5,4,2019,117,5754.0,5139.0,1405.7581584326638,8139.0,5039.0,0,3.0,4.0
797,3665,2019-04-28,6,4,2019,118,4859.2,4996.0,802.6494876345346,5861.0,5692.0,0,0.0,1.0
798,4633,2019-04-29,0,4,2019,119,4758.0,4635.0,790.3568814149589,5861.0,9924.0,0,0.0,1.0
799,4986,2019-04-30,1,4,2019,120,4828.2,4986.0,792.2863749932725,5861.0,4957.0,0,0.0,2.0
800,5429,2019-05-01,2,5,2019,121,4914.8,4986.0,837.5823541598651,5861.0,5474.0,0,1.0,2.0
801,5039,2019-05-02,3,5,2019,122,4750.4,4986.0,669.1732212215156,5429.0,5951.0,0,0.0,1.0
802,5692,2019-05-03,4,5,2019,123,5155.8,5039.0,411.68640978296173,5692.0,5444.0,0,0.0,1.0
803,9924,2019-05-04,5,5,2019,124,6214.0,5429.0,2094.123802452949,9924.0,4993.0,0,1.0,1.0
804,4957,2019-05-05,6,5,2019,125,6208.2,5429.0,2098.410994061935,9924.0,5387.0,0,0.0,3.0
805,5474,2019-05-06,0,5,2019,126,6217.2,5474.0,2094.326072988635,9924.0,5876.0,0,0.0,6.0
806,5951,2019-05-07,1,5,2019,127,6399.6,5692.0,2003.8191784689557,9924.0,4198.0,0,0.0,7.0
807,5444,2019-05-08,2,5,2019,128,6350.0,5474.0,2028.6287240399608,9924.0,5238.0,0,0.0,7.0
808,4993,2019-05-09,3,5,2019,129,5363.8,5444.0,408.154015048221,5951.0,5710.0,0,3.0,10.0
809,5387,2019-05-10,4,5,2019,130,5449.8,5444.0,340.7457996806192,5951.0,6188.0,0,3.0,7.0
810,5876,2019-05-11,5,5,2019,131,5530.2,5444.0,391.52611662568034,5951.0,6037.0,0,1.0,4.0
811,4198,2019-05-12,6,5,2019,132,5179.6,5387.0,631.7145716223271,5876.0,6717.0,0,0.0,5.0
812,5238,2019-05-13,0,5,2019,133,5138.4,5238.0,616.6987108791288,5876.0,4854.0,0,3.0,7.0
813,5710,2019-05-14,1,5,2019,134,5281.8,5387.0,656.512909240924,5876.0,3943.0,0,0.0,5.0
814,6188,2019-05-15,2,5,2019,135,5442.0,5710.0,775.5398120019272,6188.0,4961.0,0,0.0,5.0
815,6037,2019-05-16,3,5,2019,136,5474.2,5710.0,800.9888888118144,6188.0,5258.0,0,2.0,7.0
816,6717,2019-05-17,4,5,2019,137,5978.0,6037.0,550.7099962775275,6717.0,6744.0,0,2.0,5.0
817,4854,2019-05-18,5,5,2019,138,5901.2,6037.0,689.0955666669123,6717.0,6412.0,0,1.0,3.0
818,3943,2019-05-19,6,5,2019,139,5547.8,6037.0,1126.1597133621797,6717.0,6666.0,0,0.0,2.0
819,4961,2019-05-20,0,5,2019,140,5302.4,4961.0,1084.7021711050375,6717.0,7379.0,0,2.0,2.0
820,5258,2019-05-21,1,5,2019,141,5146.6,4961.0,1005.8927875275673,6717.0,4121.0,0,0.0,6.0
821,6744,2019-05-22,2,5,2019,142,5152.0,4961.0,1016.447981944959,6744.0,4134.0,0,0.0,6.0
822,6412,2019-05-23,3,5,2019,143,5463.6,5258.0,1134.2386433198199,6744.0,5338.0,0,0.0,6.0
823,6666,2019-05-24,4,5,2019,144,6008.2,6412.0,836.1496277580917,6744.0,6175.0,0,0.0,6.0
824,7379,2019-05-25,5,5,2019,145,6491.8,6666.0,776.1611945981346,7379.0,7542.0,0,6.0,7.0
825,4121,2019-05-26,6,5,2019,146,6264.4,6666.0,1249.9581192984026,7379.0,6592.0,0,0.0,5.0
826,4134,2019-05-27,0,5,2019,147,5742.4,6412.0,1516.2246865158186,7379.0,5630.0,1,0.0,6.0
827,5338,2019-05-28,1,5,2019,148,5527.6,5338.0,1473.1114350245161,7379.0,4853.0,0,0.0,7.0
828,6175,2019-05-29,2,5,2019,149,5429.4,5338.0,1392.4066575537433,7379.0,6134.0,0,1.0,8.0
829,7542,2019-05-30,3,5,2019,150,5462.0,5338.0,1450.1732655100177,7542.0,6175.0,0,4.0,7.0
830,6592,2019-05-31,4,5,2019,151,5956.2,6175.0,1291.2649611911552,7542.0,6058.0,0,1.0,3.0
831,5630,2019-06-01,5,6,2019,152,6255.4,6175.0,867.1578864313002,7542.0,6521.0,0,1.0,2.0
832,4853,2019-06-02,6,6,2019,153,6158.4,6175.0,1010.6816016926391,7542.0,10023.0,0,1.0,5.0
833,6134,2019-06-03,0,6,2019,154,6150.2,6134.0,1010.6795733564611,7542.0,7880.0,0,0.0,7.0
834,6175,2019-06-04,1,6,2019,155,5876.8,6134.0,666.2699903192356,6592.0,5128.0,0,0.0,9.0
835,6058,2019-06-05,2,6,2019,156,5770.0,6058.0,556.7661088823502,6175.0,7172.0,0,0.0,9.0
836,6521,2019-06-06,3,6,2019,157,5948.2,6134.0,637.4909411121037,6521.0,7782.0,0,4.0,9.0
837,10023,2019-06-07,4,6,2019,158,6982.2,6175.0,1709.1175208276377,10023.0,9616.0,0,3.0,5.0
838,7880,2019-06-08,5,6,2019,159,7331.4,6521.0,1670.4212941650426,10023.0,6969.0,0,2.0,2.0
839,5128,2019-06-09,6,6,2019,160,7122.0,6521.0,1901.2954794034547,10023.0,8854.0,0,0.0,0.0
840,7172,2019-06-10,0,6,2019,161,7344.8,7172.0,1808.445658569816,10023.0,5427.0,0,0.0,5.0
841,7782,2019-06-11,1,6,2019,162,7597.0,7782.0,1751.8829869600365,10023.0,4024.0,0,0.0,7.0
842,9616,2019-06-12,2,6,2019,163,7515.6,7782.0,1615.0952913063732,9616.0,304.0,0,0.0,7.0
843,6969,2019-06-13,3,6,2019,164,7333.4,7172.0,1615.0952913063722,9616.0,282.0,0,0.0,7.0
844,8854,2019-06-14,4,6,2019,165,8078.6,7782.0,1129.8175958976847,9616.0,259.0,0,5.0,7.0
845,5427,2019-06-15,5,6,2019,166,7729.6,7782.0,1636.0016198036046,9616.0,,0,2.0,2.0
846,4024,2019-06-16,6,6,2019,167,6978.0,6969.0,2324.3395836237028,9616.0,,0,0.0,0.0
847,304,2019-06-17,0,6,2019,168,5115.6,5427.0,3234.608987188402,8854.0,,0,0.0,0.0
848,282,2019-06-18,1,6,2019,169,3778.2,4024.0,3634.4251539961533,8854.0,,0,0.0,0.0
849,259,2019-06-19,2,6,2019,170,2059.2,304.0,2484.0693830889545,5427.0,,0,0.0,0.0
